sp_albumid,sp_albumname,sp_releasedate,sp_totaltracks,artists_sp_artistid
1x1jpjDbetGqX0IKCUIBNj,Sgt. Pepper's Lonely Hearts Club Band,2017-12-08,13,3wGWCP3E3tYqj5memYV9Vq
2CNEkSE8TADXRT2AzcEt1b,Pet Sounds,1966-05-16,13,3oDbviiivRWhXwIE8hxkVV
0T1sskJDoybYGvPU5aw5Cf,REVOLVER,2020-06-15,1,62F9BiUmjqeXbBztCwiX1U
6YabPKtZAjxwyWbuO9p4ZD,Highway 61 Revisited,1965-08-30,9,74ASZWbe4lXaubB36ztrGX
5TIQEIzrI6RQfUVQ5Y571D,Rubber Soul,2020-07-28,16,5o723EMxNulM5ydXRh7Qkk
7GxLUFkXPoxcLxD7cZVlpV,Exile On Main St.,1986-08-01,18,6w3S2c3TqD9lPPN2qOpHw1
4gBDKJ2HdnUqybh3Haqs8m,London Calling,2022-12-16,1,5oFsjDzNu5UwbtKnGXKacN
4NP1rhnsPdYpnyJP0p0k0L,Blonde On Blonde,1966-06-20,14,74ASZWbe4lXaubB36ztrGX
1MXqJeTXdeFEERhpyhBCnj,The Sun Sessions,2011-10-11,14,67meObnM9NdAyCO373aaEp
1weenld61qoidwYuZ1GESA,Kind Of Blue,1959-08-17,5,0kbYTNQb4Pb1rPbbaF0pT4
7rSZXXHHvIhF4yUFdaOCy9,Are You Experienced,1967-05-12,17,776Uo845nYHJpNaStv1Ds4
4WD4pslu83FF6oMa1e19mF,Blood On The Tracks,1975-01-17,10,74ASZWbe4lXaubB36ztrGX
6c5gDwB7Xo58thk2vap4Ch,Nevermind,2017-06-30,1,3EOEK57CV77D4ovYVcmiyt
43YIoHKSrEw2GJsWmhZIpu,Born To Run,1975-08-25,8,3eqjTLE0HfPfh78zjh6TqT
4pG3bKkbmReDt5QTDn3JDz,Astral Weeks,1968-11-01,8,44NX2ffIYHr6D4n7RaZF7A
2ANVost0y2y52ema1E9xAZ,Thriller,1982-11-30,9,3fMbdgg4jU18AjLCKBhRSm
6QwHn86Rw53qli3Y6b41Rd,The Complete Recordings,1990,41,0f8MDDzIc6M4uH1xH0o0gy
5jgI8Eminx9MmLBontDWq8,Innervisions,1973-08-03,9,7guDJrEfX3qb6FEbdPA5qi
1bt6q2SruMsBtcerNVtpZB,Rumours,1977-02-04,11,08GQAI4eElDnROBrJRGE0X
5vBZRYu2GLA65nfxBvG1a7,The Joshua Tree,1987-03-10,11,51Blml2LZPmy7TTiAg47vQ
3ycjBixZf7S3WpC5WZhhUK,Led Zeppelin,1969-01-12,9,36QJpDe2go2KgaRleHCDTp
2xZSrcBmvMw9Y8hac6xU7L,Blue,2018-11-09,15,1HBjj22wzbscIZ9sEb5dyf
1lPoRKSgZHQAYXxzBsOQ7v,Bringing It All Back Home,1965-03-22,11,74ASZWbe4lXaubB36ztrGX
4l4u9e9jSbotSXNjYfOugy,Let It Bleed,1969-12-05,9,22bE4uQ6baNwSHPVcDxLCe
5e3eOPB1H5R2bMtkgnnKVl,Ramones,2023-07-07,1,1eYgSi9O2AX4sLhR06HKCz
3QqhURrsxUO9UGQWePlBjF,Music From Big Pink,2023-10-20,11,2eHOlyX9GEmBZw0X7uBiI0
12n11cgnpjXKLeqrnIERoS,Tapestry,1971,12,319yZVtYM9MBGqmSQnMyY6
6ZYBo6TaCVbeJPgY7oX3Y9,Hotel California,2022-06-10,1,5jd0MgoI9F3hxcQHBPEk6V
5kP2AlLe5EsHEx6y3HpJjN,The Anthology,1998-06-16,48,5bOsFzuJ6QZMr86ezC4oXY
4rSSLeJIKgTj7nymJ5Xgs6,Forever Changes,2023-10-12,1,3cMInYqk6yzf37zo8iznoz
1jWmEhn3ggaL6isoyLfwBn,The Doors,1967-01-04,11,22WZ7M8sxp5THdruNY3gXt
4LH4d3cOWNNsVw41Gqt2kv,The Dark Side of the Moon,1973-03-01,10,0k17h0D3J5VfsdmQ1iZtE9
0OeuSeP8wp8n8OuTqYb61C,Horses,1975-12-13,8,0vYkHhJ48Bs3jWcvZXvOrP
7Eoz7hJvaX1eFkbpQxC5PA,A Love Supreme,1965-02,4,2hGh5VOeeqimQFxqXvfCUf
1Rj1daFzMlYzLv7lJl14hz,It Takes A Nation Of Millions To Hold Us Back,1988-06-28,16,6Mo9PoU6svvhgEum7wh2Nd
0Y5Wlv2OJKaW0uDJ5HnUfy,At Fillmore East,1971-07-01,7,4wQ3PyMz3WwJGI5uEqHUVR
0JwHz5SSvpYWuuCNbtYZoV,Bridge Over Troubled Water,1970-01-26,11,70cRZdQywnSFp9pnc2WTCE
1WBZyULtlANBKed7Zf9cDP,Greatest Hits,1998-01-01,25,1ZwdS5xdxEREPySFridCfh
3RPMCDSd1yj37hlqbizmeT,The Birth of Soul,1991-09-24,53,1eYhYunlNJlDoQhtYBvPsi
5z090LQztiqh13wYspQvKQ,Electric Ladyland,1968-10-25,16,776Uo845nYHJpNaStv1Ds4
7GXP5OhYyPVLmcVfO9Iqin,Elvis Presley,1956-03-23,12,43ZHCT0cAZBISjO8DG9PnE
6YUCc2RiXcEKS9ibuZxjt0,Songs In The Key Of Life,1976-09-28,21,7guDJrEfX3qb6FEbdPA5qi
0Oz0U3CRwTR3oTGsUfJb3I,Beggars Banquet,2014-09-08,4,3obqIeGrzLJXoOdxatlprm
1QMVI7vXJxC2f4R65Mu1zd,Chronicle: The 20 Greatest Hits,1977-01-01,20,4OGuNAnRFWZOgOA2d51taz
28yHV3Gdg30AiB8h8em1eW,Appetite For Destruction,1987-07-21,12,3qm84nBOXUEQ2vnTfUTTFC
5n52kyQKeUZs5ObZJejLQd,Achtung Baby,1991-11-18,12,51Blml2LZPmy7TTiAg47vQ
4tteoxk0i9qnjXK84MbR3h,Sticky Fingers,2014-05-19,4,10gzBoINW3cLJfZUka8Zoe
5PfnCqRbdfIDMb1x3MPQam,Moondance,1970-02,10,44NX2ffIYHr6D4n7RaZF7A
6GjwtEZcfenmOf6l18N7T7,Kid A,2000-10-02,11,4Z8W4fKeB5YxbusRsdQVPb
2ZytN2cY4Zjrr9ukb2rqTP,Off the Wall,1979-08-10,10,3fMbdgg4jU18AjLCKBhRSm
3IILMjMMnoN2sKzgesX8KV,The Stranger,1977-09-29,9,6zFYqv1mOsgBRQbae3JJ9e
4WoQ94qzwQj28n3nlSOVLB,Graceland,1986-08-25,11,2CvCyf1gEVhI0mX6aFXmVI
4wXzZSDJSxTMGq9XcvFTYj,Superfly,2010-06-29,30,0LyfQWJT6nXafLPZqxe9Of
0JpERbnfgcW2UYkdgmhlkR,Physical Graffiti,2020-05-16,6,53UQaKaoipgAfPoHqPa3vA
4uyeTospkcNKXESudPRldI,After The Gold Rush,2021-03-05,1,6rmv9eJiqRPvpGQeJ7e6Nk
2yuTyv0L51qvYuI5RIktlA,Star Time,1991-01-01,71,7GaxyUddsPok8BuhxN6OUW
7nXJ5k4XgRj5OLg9m8V3zc,Purple Rain,1984-06-25,9,5a2EaR3hamoenG9rDuVn8j
6mUdeDZCsExyJLMdAfDuwh,Back In Black,1980-07-25,10,711MCceyCBcFnzjGY4Q7Un
0xzaemKucrJpYhyl7TltAk,Imagine,1971-09-09,10,4x1nvY2FN8jxqAFA0DA02H
3l3qhuUYMC5JdnXkxTl5v0,The Clash,2019-12-08,4,6bqijgpAcVn9dEsvEpu4Ck
7ikmya3wGPGHxKVoCCG3r8,Harvest,2018-09-25,4,5V7NIXgCnX2KuQ01Bxg20c
3uFZf8rykoHo7XMIQVYW6r,Axis: Bold As Love,1967-12-01,13,776Uo845nYHJpNaStv1Ds4
5WndWfzGwCkHzAbQXVkg2V,I Never Loved a Man the Way I Love You,1967-03-10,14,7nwUJBm0HE4ZxD3f5cy5ok
6MmlvQ1oQ1ZZRXbSFG6GmE,Lady Soul,1963,11,6lqMXuu8EjQDDyCs89zf7a
0PMasrHdpaoIRuHuhHp72O,Born In The U.S.A.,1984-06-04,12,3eqjTLE0HfPfh78zjh6TqT
5Dbax7G8SWrP9xyzkOvy2F,The Wall,1979-11-30,26,0k17h0D3J5VfsdmQ1iZtE9
4TJIdlY9hGSSTO1kUs1neh,At Folsom Prison,1968-05-01,16,6kACVPfCOnqzgfEF5ryl0x
14UrtAcLym4a6f7IgXVGjF,Dusty In Memphis,1969-03-31,11,5zaXYwewAXedKNCff45U5l
3PResMqFgQYBfzTnqTKwQw,Talking Book,1972-10-28,10,7guDJrEfX3qb6FEbdPA5qi
2ltdhm5JuSUm5L0DizaUwO,Goodbye Yellow Brick Road,2017-09-09,1,2YohShuz0Lf4i09lImCR5r
5ourevL93kFzjWH6lIyT42,20 Golden Greats,1978-07-01,20,6waa8mKu91GjzD4NlONlNJ
6zIYEv6soMoaZiypsHB5dd,40 Greatest Hits,1978-01-01,40,1FClsNYBUoNFtGgzeG74dW
3Q0zkOZEOC855ErOOJ1AdO,Bitches Brew,1970-04,7,0kbYTNQb4Pb1rPbbaF0pT4
5cT7ee1sy2oEbFalP4asS4,Tommy,1969-05-23,24,67ea9eGLXYMsO2eYQRui3w
0o1uFxZ1VTviqvNaYkTJek,The Freewheelin' Bob Dylan,1963-05-27,13,74ASZWbe4lXaubB36ztrGX
2dFoSKGYtvtXmRizZD8Nj8,This Year's Model,1987-07-28,9,0VEYLlS75s0mdIznsxmwqf
6XqM4NINcx3oc7NhOUKxXp,Odessey and Oracle,1968,12,2jgPkn6LuUazBoBk6vvjh5
3GmwKB1tgPZgXeRJZSm9WX,In The Wee Small Hours,1955,16,1Mxqyy3pSjf8kZZL4QVxS0
6iyKqDoL9pRSHUsDBYemlB,Fresh Cream,1966-12-09,11,74oJ4qxwOZvX6oSsu1DGnw
2m5RKUit8PUNE6QPcmA7sI,Giant Steps,2020-10-21,3,28j2IaYoLNPDEr3ogCZ4tM
4fRwvOdYpHOk4WMTVvP6Bd,Sweet Baby James,2021-07-23,1,6zO6YtmClhozAfxR05frh2
3SBh2kzao9z3gLCzOV45ho,Rocket to Russia,1977-11-04,14,1co4F2pPNH8JjTutZkmgSm
6ymM2Dv44843IM98PLKWeL,Hunky Dory,2023-10-06,1,2ijs0jA7fB11WRVE5F5B45
72qrnM4yUNMDDlWiqKc8iY,Aftermath,1966-04-15,11,22bE4uQ6baNwSHPVcDxLCe
1IOJo40EKOLngOzy09pQMi,Loaded,2008-01-01,12,6FxuPrpa8phaP3Xn73emhT
35UJLpClj5EDrhpNIi4DFg,The Bends,1995-03-13,12,4Z8W4fKeB5YxbusRsdQVPb
6zK7GV2JCqLknAdTeIhooB,If You Can Believe Your Eyes And Ears,1966-03,12,1bs7HoMkSyQwcobCpE9KpN
2J3yc94qjL2PxnWX80Lkhm,Court and Spark,2021-10-26,1,18fFwzg9EnT0eG1j0IhoeY
6fRqzJT070Kp9RWlSXmKcY,Disraeli Gears,1967-11-02,11,74oJ4qxwOZvX6oSsu1DGnw
59TsZod1kJQRB7YdRWnxNJ,The Who Sell Out,2023-10-13,1,4zQjIBNXiHAGaOvnAWFrZ2
2Q5MwpTmtjscaS34mJFXQQ,Out Of Our Heads,1965-07-30,12,22bE4uQ6baNwSHPVcDxLCe
5ll74bqtkcXlKE7wwkMq4g,Late Registration,2005-08-30,21,5K4W6rqBFWDnAN6FQUkS6x
7rd4PorIOPjPTy7qdUeeCt,At Last!,1960,14,0iOVhN3tnSvgDbcg25JoJb
02XyFDfvHfIwtqOC3o0PcK,Sweetheart Of The Rodeo,1968-08-30,19,1PCZpxHJz7WAMF8EEq8bfc
6yOnFL04Yoakrq7fr83S4V,The Harder They Come,1982-03-15,2,4HQUFZUKjXhvh9rS23DYzG
7AFsTiojVaB2I58oZ1tMRg,Raising Hell,1986-05-15,12,3CQIn7N5CuRDP8wEI7FiDA
0rtro45NlxC91C0fxh5ieX,Pearl,2017-11-17,8,5bfqwcEcRrMhtY9smw3IeJ
39kLAVdcgW7jbMcTEaY2qy,Catch A Fire,1973-04-13,20,2QsynagSdAqZj3U9HgDzjD
33puYJ2y5qANDenRmL8BS1,Younger Than Yesterday,1967-02-06,17,1PCZpxHJz7WAMF8EEq8bfc
4iDsrn9R077uE520dgt4Uf,Raw Power,2019-09-13,1,0mBDRW65svvamuKzjyB5uP
1JvXxLsm0PxlGH4LXzqMGq,Remain in Light,1980-10-08,8,2x9SpqnPi8rlE9pjHBwmSC
630o1rKTDsLeIPreOY1jqP,Marquee Moon,1977-02-08,8,0S7Zur2g8YhqlzqtlYStli
7M00buWgnCI4mkdecN33zf,Paranoid,2023-10-31,3,7gcq03kJfgHiW2qPTwS6q1
1rmhti8uHw21LnaWMQy608,"The Wild, the Innocent & The E Street Shuffle",1973-09-11,7,3eqjTLE0HfPfh78zjh6TqT
1y8x2DnzgmrHoYiSVliHhf,Ready to Die,2020-01-09,4,7KQRHTFIv5yBauZyAaerXn
6Ad1E9vl75ZB3Ir87zwXIJ,TIM,2019-06-06,12,1vCWHaC5f2uS3yhpwWbIA6
2V5rhszUpCudPcb01zevOt,The Chronic,1992-12-15,16,6DPYiyq5kWVQS4RGwxzPC7
3OoFKxuziLv3B3NxhEJwOW,Rejuvenation,1974,9,2JRvXPGWiINrnJljNJhG5s
4M6s2jbhKWEcOdXZ8WiHts,Parallel Lines,1978-09-23,12,4tpUmLEVLCGFr93o8hFFIB
7njGz7ZeDXL6cH3VnflcQ2,Live At The Regal,1965,10,5xLSa7l4IV1gsQfhAMvl0U
2kzkwgOFAtRsDsas5Hi0Qu,A Christmas Gift For You From Phil Spector,1963,13,0LyfQWJT6nXafLPZqxe9Of
0Y7qkJVZ06tS2GUCDptzyW,Straight Outta Compton,1988-08-08,13,4EnEZVjo3w1cwcQYePccay
1hOK2ey9W76x9GnftSRgrw,Aja,1977-09-23,7,6P7H3ai06vU1sGvdpBwDmE
6lPb7Eoon6QPbscWbMsk6a,Surrealistic Pillow,1967,17,2qFr8w5sWUITRlzZ9kZotF
5bHkK1X4WEOzNvRhehvOcb,Deja Vu,1970-03-11,10,1CYsQCypByMVgnv17qsSbQ
4hyZvmZD32NkUXUX12gxfi,Houses of the Holy,2019-01-14,1,223IvfSnge3qiGcDMHk2e4
0hfFLQzo3OwgYFFFvTQYhT,Santana,1969-08-30,9,6GI52t8N5F02MxU0g5U69P
4KT6G8fj8EEIfsyr75hbgc,Darkness On the Edge of Town,1978-06-02,10,3eqjTLE0HfPfh78zjh6TqT
6ZB8qaR9JNuS0Q0bG1nbcH,Funeral,2004-06-16,10,3kjuyTCjPG1WMFCiyc5IuB
1p12OAWwudgMqfMzjMvl2a,The Low End Theory,1991-09-24,14,09hVIj6vWgoCDtT03h8ZCa
76MT4lqzC1oSvSYnHHjMam,Moanin' In The Moonlight,1958-03-01,12,0Wxy5Qka8BN9crcFkiAxSR
6AFFu3ilmlEDz1I9ZaNOZw,Pretenders,1980-01-11,26,0GByy3DcfbQwDvXGCWmzv9
0rSLgV8p5FzfnqlEk4GzxE,Closer,2016-07-29,1,69GGBxA162lTqCwzJG5jLp
4UcpKa4yD9AA3iEHI8MFSF,Captain Fantastic And The Brown Dirt Cowboy,1975-05-19,13,3PhoLpVuITZKcymswpck5b
0lvFKHiygKiwhKHNYPmRzn,Alive!,2023-06-21,1,3K2Srho6NCF3o9MswGR76H
4Yw5uS8at8GkWmH2gZmLY0,Electric Warrior,1971-09-24,11,3dBVyJ7JuOMt4GE9607Qin
0kSkzG0sfuG4lRuFF5jWVr,The Dock of the Bay,1968-02-23,11,60df5JBRRPcnSpsIMxxwQm
6dVIqQ8qmQ5GBnJ9shOYGE,OK Computer,1997-05-28,12,4Z8W4fKeB5YxbusRsdQVPb
5ra51AaWF3iVebyhlZ1aqq,1999,2012-06-12,15,2P5sC9cVZDToPxyomzF1UH
1pK8MLyjgvt8pNVkQCBnSg,Imperial Bedroom,1982,15,4qmHkMxr6pTWh5Zo74odpH
4NAtbhhWbugMxDvBmFBBDK,Master of Puppets,2022-08-12,1,5JvB18ikUg21Uv5MrUBagY
1aucGNKimhgARC7iO2xLt2,My Aim Is True,1977-07-22,13,2BGRfQgtzikz1pzAD0kaEn
2mBbV0Ad6B4ydHMZlzAY7S,Exodus,1977-06-03,12,2QsynagSdAqZj3U9HgDzjD
6RjFK0mg5bS09Mt6FYCbXd,Live At Leeds,2022-04-08,11,0BEI7i5sgUuivcfwXLzFmM
5UI2X5VAmgu9xrlXDd5U7B,The Notorious Byrd Brothers,1968-01-15,17,1PCZpxHJz7WAMF8EEq8bfc
4VykjLwkyfKMZVLrJJVrYh,Every Picture Tells A Story,1971-05-18,8,2y8Jo9CKhJvtfeKOsYzRdT
1T8usYsiGEMPMQOLFgJEbE,Desire,1976-01-16,9,74ASZWbe4lXaubB36ztrGX
1CsuCA05y9r7ftG9bGGtWV,Close To You,1970,12,1eEfMU2AhEo7XnKgL7c304
4ldiyfqRvKiIasHHuDftuP,Rocks,1976-05-14,9,7Ey4PD4MYsKc5I2dolUwbH
3ZD9DzZjCHFOsHQKgs3HCF,One Nation Under A Groove,2017-07-21,13,0LyfQWJT6nXafLPZqxe9Of
4E1itnJOhTMRSATNaxh0Sq,The Definitive Collection,2002-10-29,21,7guDJrEfX3qb6FEbdPA5qi
592dKHbXtiglWyt8AEet23,"The Rolling Stones, Now!",1965-02-13,12,22bE4uQ6baNwSHPVcDxLCe
1d8lF3nZpEIFeEbWmAt9Ey,Natty Dread,1974,10,2QsynagSdAqZj3U9HgDzjD
5VIQ3VaAoRKOEpJ0fewdvo,Fleetwood Mac,1975-07-11,11,08GQAI4eElDnROBrJRGE0X
5aEtg4dxdBk4pj6SJ3hNsM,Red Headed Stranger,1975-05-01,15,5W5bDNCqJ1jbCgTxDD0Cb3
5MzwGwnO9gkh0z6Nl4FF8h,The Immaculate Collection,1990-11-09,17,6tbjWDEIzxoDsBA1FuhfPW
0Z1Y5L90NjqUD351YUQWdA,The Stooges,1969-01-01,26,4BFMTELQyWJU1SwqcXMBm3
5eRHyCycBt78BNaa8vR4Si,FRESH,2023-02-24,1,4f0duKhSmQubrgvVjUAKvh
7hez8jibf36E66GHpFkWz7,Buffalo Springfield Again,1967-10-30,10,3eskO5m0H4yiF64vRySBjr
7d9IZA5hVMlRqkRszYt66r,Happy Trails,1969,10,7DCnwoFMqGN6eZULdcLZeL
3ekkFrfotMsEAKc5g71GHk,From Elvis in Memphis,1969-06-17,16,43ZHCT0cAZBISjO8DG9PnE
1LBaX90YupG7JKOHCWi4y0,Fun House,2021-10-22,12,5poU7FPEYoBlwjzOEWMbX5
6VWKy5o2OcdeWa7yolazjU,The Gilded Palace Of Sin,1969-02-06,11,0rESpKEusFHxhW59MIf7eM
4uG8q3GPuWHQlRbswMIRS6,Dookie,1994-02-01,15,7oPftvlwr6VrsViSDV7fJY
5SqbMEyAt8332ISGiLX0St,Transformer,1972-12-01,11,42TFhl7WlMRXiNqzSrnzPL
4Mw9Gcu1LT7JaipXdwrq1Q,Murmur,1983-01-01,12,4KWTAlx2RvbpseOGMEmROg
2yIkYQJevVxZADVieZX1Bx,The Best Of Little Walter,1957-01-07,12,22JuR9OeENcP54XN5TlNWS
2k8KgmDp9oHrmu0MIj4XDE,Is This It,2001-07-30,11,0epOFNiUfyON9EYx7Tpr6V
10v912xgTZbjAtYfyKWJCS,Highway to Hell,1979-07-27,10,711MCceyCBcFnzjGY4Q7Un
3nJnyDV8fwFpffo0EyHQto,The Downward Spiral,1994-03-08,14,0X380XXQSNBYuleKzav5UO
1sh32o99zA04PJIUJUpEj7,"Parsley, Sage, Rosemary And Thyme",1966-10-10,12,70cRZdQywnSFp9pnc2WTCE
2hq3mwvkJDvCziOfSOTrh6,Modern Times,1981-04-02,9,3HC7NcxQx2Yk0fWoRKJ0xF
0zrtTZC7yY2TOEhnbJzSb9,Wheels Of Fire,1968-07-01,13,74oJ4qxwOZvX6oSsu1DGnw
1BcbvGZ9kYAHCi1hyQSaZ1,Dirty Mind,2011-12-20,1,0FWzNDaEu9jdgcYTbcOa4F
1CHUXwuge9A7L2KiA3vnR6,Abraxas,1970-09-23,9,6GI52t8N5F02MxU0g5U69P
5B4PYA7wNN4WdEXdIJu58a,Ten,1991-08-27,11,1w5Kfo2jwwIPruYS2UWh56
7ItjF9gASIUGBdr8i8YEWC,Everybody Knows This Is Nowhere,2020-04-15,1,1vB6BES66rhlsxKlYGpy4H
0bCAjiUamIFqKJsekOYuRw,Wish You Were Here,1975-09-12,5,0k17h0D3J5VfsdmQ1iZtE9
0yTaOPkfNqatnSwaLby8U6,Tattoo You,2021-10-22,11,22bE4uQ6baNwSHPVcDxLCe
2xbTV0Awe4Qm5caUVuPbMr,New York Dolls,1973-01-01,11,0WhGV9lzljq2QKJ8ipw6jx
5EHs7DTqLFlYgbH9kahIp7,Two Steps From The Blues,2001-02-27,14,48nwxUvPJZkm8uPa7xMzmj
5Y0p2XCgRRIjna91aQE8q7,The Queen Is Dead,1986-06-16,10,3yY2gUcIsjMr8hjo51PoJ8
11oR0ZuqB3ucZwb5TGbZxb,Licensed To Ill,1986-11-15,13,03r4iKL2g2442PT9n2UKsx
6mGpQtwteyjKS4Up9tXuND,Look-Ka Py Py,1970,12,2JRvXPGWiINrnJljNJhG5s
3GH4IiI6jQAIvnHVdb5FB6,Loveless,1991-11-04,11,3G3Gdm0ZRAOxLrbyjfhii5
5UthVBNdNdHyqHmSKUlegX,War,2021-04-02,7,7502fDxg339jvGV08Jd4R0
5dN7F9DV0Qg1XRdIgW8rke,American Idiot,2004-09-21,9,7oPftvlwr6VrsViSDV7fJY
6yskFQZNlLYhkchAxELHi6,Nebraska,1982-09-30,10,3eqjTLE0HfPfh78zjh6TqT
0DQyTVcDhK9wm0f6RaErWO,Doolittle,1989-04-17,15,6zvul52xwTWzilBZl6BUbT
3miZDfDnP7SmOXAJXWdFmz,Paid In Full,1987-07-07,12,6jHG1YQkqgojdEzerwvrVv
6As5aOEQjfxLIChIB3fQRD,Toys In The Attic,1975-04-08,9,7Ey4PD4MYsKc5I2dolUwbH
6wxpS5o0ty5CLqyH5fIRln,Nick Of Time,1989,11,4KDyYWR7IpxZ7xrdYbKrqY
7HVoV2lgVsmuiHsjbbUJB4,A Night At The Opera,1975-11-21,12,1dfeR4HaWDbWqFHLkxsg1d
5lWh5YPOOuvdlSn5hLDn02,The Kink Kronikles,1972-04-10,28,1SQRv42e4PjEYfPhS0Tk9E
0pkrqPjeq9K5KD0hFqAKNa,Mr. Tambourine Man,1965-06-21,18,1PCZpxHJz7WAMF8EEq8bfc
3bzgbgiytguTDnwzflAZr2,Bookends,1968-04-03,12,70cRZdQywnSFp9pnc2WTCE
6TcPqftScGmR0aEgIb43Vv,The Ultimate Collection,2017-02-03,31,5M52tdBnJaKSvOpJGz8mfZ
083eJvBMfEHIfzgrFQ5DLb,MY GENERATION,2020-06-24,12,4SDLL3cZT6a7CKfcOreWZm
26TtzBrPdUkHMSTPSbctbl,Howlin' Wolf,1962-01-11,12,0Wxy5Qka8BN9crcFkiAxSR
48AGkmM7iO4jrELRnNZGPV,Like a Prayer,1989-03-21,11,6tbjWDEIzxoDsBA1FuhfPW
6DlSUW5gmq6Byc3osKDJ2p,Can't Buy A Thrill,1972-11-01,10,6P7H3ai06vU1sGvdpBwDmE
3NhuL85OfdMjl3hDRt4qpc,Let It Be,2022-12-09,1,4wfMyaoM1U8nnEvdI8BZnC
7rntOZg7lWmAZUpQJM9aRT,Black Sabbath,2020-06-05,1,40HeNm05FEAxGx8gUOV4my
6t7956yu5zYf5A829XRiHC,The Marshall Mathers LP,2000-05-23,18,7dGJo4pcD2V6oG8kP0tJRR
14XskGyGbsFkXyX7Tb5zFd,Freak Out!,2012-07-03,14,0mGyXXKzoR5KAAh4Mkef2W
2iPH3iUmpa9ufIpwY76keF,The Shape Of Jazz To Come,1959,6,47odibUtrN3lnWx0p0pk2P
0BiNb8HYR4JvuxUa31Z58Q,Automatic For The People,1992-10-05,12,4KWTAlx2RvbpseOGMEmROg
3YPK0bNOuayhmSrs0sIIBR,Reasonable Doubt,1996-06-25,15,3nFkdlSjzX9mRTtwJOzDYB
0igSzREsPxNFQJrFhhsl0j,Low,2018-04-28,1,5uLkZ7FWMTBUg1corQqdkR
54I5tDCMjnNVWSENHg8EDH,The Blueprint,2001-09-11,15,3nFkdlSjzX9mRTtwJOzDYB
6YNIEeDWqC09YIWzhoSVLg,The River,1980-10-17,20,3eqjTLE0HfPfh78zjh6TqT
25uNcuL4dAoV62eKmr8Q0Y,Complete & Unbelievable: The Otis Redding Dictionary of Soul,1966-10-15,12,60df5JBRRPcnSpsIMxxwQm
2MH37enG6IPvNK5QFLyKes,Whitney Houston,1985-02-14,10,6XpaIBNiVzIetEPCWDvAFP
6o0u4pbxrUai7aPkizuzCp,The Kinks Are the Village Green Preservation Society,1968-11-22,28,1SQRv42e4PjEYfPhS0Tk9E
1uFp52Q9EXLNA6DTRYnpTj,The Velvet Rope,1997-10-07,23,4qwGe91Bz9K2T8jXTZ815W
38uGoW7jS8jjJMvZA26sRq,Stardust,1978-04-01,10,5W5bDNCqJ1jbCgTxDD0Cb3
7rqgm1BnAZ8I4d6hukpkdg,American Beauty,1970-06-01,10,4TMHGUX5WI7OOm53PqSDAT
6vUWpE8qciYHOhf7mgaGny,"Crosby, Stills & Nash",1969-05-29,14,2pdvghEHZJtgSXZ7cvNLou
6hmmX5UP4rIvOpGSaPerV8,Tracy Chapman,1988-04-05,11,7oPgCQqMMXEXrNau5vxYZP
4GFWnwli2cVOBp2G1zqhV1,The Genius Of Ray Charles,1959,12,1eYhYunlNJlDoQhtYBvPsi
0OhNZ7R4dOqtDPLGp0jBAZ,Child Is Father To The Man,1968-02,15,24GaH9tRBgZjlvOhpFuKi2
3VL1GLo7tMCR1MCnkHitCt,Quadrophenia,2018-12-30,1,4DCZpvZEgPZfg5V8TLMd8B
7npBPiCHjPj8PVIGPuHXep,Paul Simon,1972-01-14,14,2CvCyf1gEVhI0mX6aFXmVI
0PnzJO3D4i85ALVJPaDpru,Psychocandy,1985-11-18,14,4rjlerN21ygkIhmUv55irs
1Jv2AqzhgsduUik2p4k3cS,Some Girls,1978-06-09,10,22bE4uQ6baNwSHPVcDxLCe
4w7Iat0odh3eiDerHJ6spx,Dig Me Out,2022-08-05,1,3KHdCVMnx4C1LOUdK2KAkF
2NT1Pc0MXlXORHLBkHyKQW,Going To A Go-Go,1965-11-01,12,6TKOZZDd5uV5KnyC5G4MUt
5Zx4eUC5dTg6aufiSLQ6uo,Nightbirds,1974-09-13,10,3DznKagEU8yMQZR9z33Da5
0vE6mttRTBXRe9rKghyr1l,The Slim Shady LP,1999-02-23,20,7dGJo4pcD2V6oG8kP0tJRR
4q1HNSka8CzuLvC8ydcsD2,Mothership Connection,1975-12-15,7,5SMVzTJyKFJ7TUb46DglcH
4OD3LU6001esAtFshDX46M,Rhythm Nation 1814,1989-09-19,20,4qwGe91Bz9K2T8jXTZ815W
7gskILm9UyDvFlmmAoqn2g,All That You Can't Leave Behind,2000-01-01,11,51Blml2LZPmy7TTiAg47vQ
1OQ5l5rHKqUumPpn559zJC,My Life,1994-01-01,17,1XkoF8ryArs86LZvFOkbyr
3rUfs8unIEpyONLWdh5Bdq,Folk Singer,2009-08-17,8,0BqWTpTaA1aGVO3YAhcikj
5FK3U7Ejyz82qsrGPaAxnr,Can't Get Enough,2010-12-10,3,621tKWjhDvcdWjXEK1ZA3m
4tJPWT4r4FSKwy784Qs1Fq,The Cars,1978-06-06,9,6DCIj8jNaNpBz8e5oKFPtp
7n0bcoRDylRw5PUKn2PlRJ,Music Of My Mind,1972-03-03,9,7guDJrEfX3qb6FEbdPA5qi
1qs5rB2gsrAWDLrUlyjFUD,Los Angeles,1980-04-26,9,54NqjhP2rT524Mi2GicG4K
4ZaIo647CyWAgow8oxqajh,Anthem of the Sun,1968,5,4TMHGUX5WI7OOm53PqSDAT
18fOLsMG8Msf1DEaW0E71K,Call Me,2004-01-01,5,4tpUmLEVLCGFr93o8hFFIB
6BOlD6UGUg45IsUXPSplkY,The Basement Tapes,1975-06-26,24,74ASZWbe4lXaubB36ztrGX
6N5EPz9nO2qeJ8uCN3X9Z7,White Light/White Heat,2021-07-13,1,19obdpGjGmK4z5SYsW3Z38
4Cru5Cer4lljBfNmCz7Ikj,Kick Out the Jams,2017-03-22,25,4WquJweZPIK9qcfVFhTKvf
2Om4oR7plGGub1aYe5uB7B,Songs Of Love And Hate,1971-03-19,8,5l8VQNuIg0turYE1VtM9zV
5DM1qCdgGt2zbknnsVn1Ca,Meat Is Murder,1985-02-11,9,3yY2gUcIsjMr8hjo51PoJ8
4Uv86qWpGTxf7fU7lG5X6F,The College Dropout,2004-02-10,21,5K4W6rqBFWDnAN6FQUkS6x
3zwWjMpVEhD9y1MW5SMfsF,Master of Reality,2016-09-13,10,3jfn3YbUZfGMNXj2GePzxu
44dncCBiOODhAa9L0UCvoE,COAT OF MANY COLORS,2023-10-20,16,1bdnGJxkbIIys5Jhk1T74v
0aFNb4RDk2hmKKLa0bzXNz,Fear Of A Black Planet,1990-04-10,20,6Mo9PoU6svvhgEum7wh2Nd
2KzCDxKpgLqBffHu1IZ7Kn,John Wesley Harding,1967-12-27,12,74ASZWbe4lXaubB36ztrGX
7yQtjAjhtNi76KRu05XWFS,Grace,1994,11,3nnQpaTvKb5jCQabZefACI
3iC6dJobZulVXp0F4Bojig,Car Wheels On A Gravel Road,1998-01-01,13,60ht0hWRy1yjUDfNsLuHuP
1Pus5h1qGedCn4CtOuPVtp,Odelay,1996-06-18,14,3vbKDsSS70ZX9D2OcvbZmS
5fgB4uomOY2zDA5USRAOcd,A Hard Day's Night,2021-10-22,1,0YSFw7zXzSXhzCIQsiZNvW
5hW8vgOySUKEglHdGmNALK,Willy And The Poor Boys,1969-11-03,10,3IYUhFvPQItj6xySrBmZkd
1DCI2yWmV4UI7Aga71yx9B,Blood Sugar Sex Magik,1991-09-24,17,0L8ExT028jH3ddEcZwqJJ5
4DVBJPJyizvHfJQt5pYaCa,Nothing's Shocking,1988-08-23,11,02NfyD6AlLA12crYzw5YcR
1To7kv722A8SpZF789MZy7,MTV Unplugged In New York,1994-11-01,14,6olE6TJLqED3rqDCT0FyPh
1BZoqf8Zje5nGdwZhOjAtD,The Miseducation of Lauryn Hill,1998-08-25,16,2Mu5NfyYm8n5iTomuKAEHl
54HN1YJ7wOAKxekOnOjW26,Damn The Torpedoes,1979-10-19,9,2UZMlIwnkgAEDBsw1Rejkn
50j4Wm1b9hLpSpPIA39Vp9,Surfer Rosa,1988-03-21,13,6zvul52xwTWzilBZl6BUbT
09jTPeDoSuJLLAwFGNUKCX,Back Stabbers,1972-01-01,10,38h03gA85YYPeDPd9ER9rT
3H0HdocoAAEEfiDfcRZauz,Burnin',1962-01-01,11,1yNOfXGQNGjAynk77wv85x
1HrMmB5useeZ0F5lHrMvl0,Amnesiac,2001-03-12,11,4Z8W4fKeB5YxbusRsdQVPb
5mwOo1zikswhmfHvtqVSXg,Pink Moon,1972-02-25,11,5c3GLXai8YOMid29ZEuR9y
6JFD9WU1ZSYZOJlDpRtZ71,sail away,2022-06-24,1,4KJ6jujcNPzOyhdNoiNftp
2XzDAFEkcrbYuje6z9gzOS,Ghost in the Machine,2023-10-27,1,2fZ2nHEB3va8LTHXX8oKgU
4i4CnRdz95AcmWxn2qnRFX,Station to Station,2012-10-26,5,0Elm2baWq5dwK5VZJPY8Em
6tzwnI360OXJyQRskrGHid,Slowhand,2015-12-03,2,7cTFl5VSATz4bYahxNj38p
7pj6qNEFHqIQXPY0beEMTQ,Disintegration,2020-06-25,10,3sxZdmC6MpwbkS8QMQ7fGk
1nVJ2rNgl9Ow6f04woiRgE,Daydream Nation,2004-03-09,10,7MnIjILER7AHfZNTvWCwVn
4IxN6AdKM6psncLNIwLWUs,In The Jungle Groove,1986-08-25,9,7GaxyUddsPok8BuhxN6OUW
6GH2Oi7zWgZsVKLz9IRLH6,HELP!,2022-05-13,10,1bdnGJxkbIIys5Jhk1T74v
4xX94uM6Kf972DJurGKnbb,Shoot Out The Lights,1982,8,4hw4TPMyAzHqNBcWtoDrK5
2ECSVdWu5RCvYqIRGA0pyR,Wild Gift,1981-05-05,13,54NqjhP2rT524Mi2GicG4K
7kAAKJZDimkoSQbs5OciZN,Superunknown,2020-08-28,2,49r8pxjSDAIDfU0F5eCpV0
5vkqYmiPBYLaalcmjujWxK,In Rainbows,2007-12-28,10,4Z8W4fKeB5YxbusRsdQVPb
4ABoepBMa9pG5ZRqWicwgW,Aqualung,1971-03-19,25,6w6z8m4WXX7Tub4Rb6Lu7R
2rogKfOpmCFuqNhtGKf2dX,Cheap Thrills,1968-08-12,11,4J69yWrKwWJgjv3DKTZcGo
34aFnrFRBlErcbU6moRZR3,Damaged,1981,15,5Mhs3Eu8lU6sRCtRYsmABV
4rvldOPGXisTvIYXwbFNix,PLAY,2023-09-15,24,5eIbEEQnDM8yuDVB0bimSP
6ZotrlD9ZSBFiiYeZ1YSZP,Violator,2016-03-18,7,5ket6f4XIg8c3nT5gjQ6Io
6mvI80w5r78niBmwtu7RF9,Bat Out Of Hell,1977-10-21,7,7dnB1wSxbYa8CejeVg98hz
07YXxZ7RYDcwZ15HfahV8i,Berlin,2023-09-15,11,4K4riuuCLdm8zam6CGw1i4
5TqFf25nbtXba9iS3Uat7K,Stop Making Sense,2019-01-30,1,5NxG91O2LcOKUktBYVWiWd
34LxHI9x14qXUOS8AWRrYD,3 Feet High and Rising,1989-03-03,23,1Z8ODXyhEBi3WynYw0Rya6
2Se4ZylF9NkFGD92yv1aZC,The Piper at the Gates of Dawn,1967-08-05,11,0k17h0D3J5VfsdmQ1iZtE9
7gTcPv1bE0THbjuvDbK1gq,Muddy Waters At Newport 1960,1960-11-15,13,4y6J8jwRAwO4dssiSmN91R
4FWvo9oS4gRgHtAwDwUjiO,The Black Album,2003-11-14,14,3nFkdlSjzX9mRTtwJOzDYB
3s6wTRMDispMa4gCd26FPc,Roger the Engineer,1966-07-15,31,2lxX1ivRYp26soIavdG9bX
3RKaB7xdcq9rMMYNvd2Cs3,Rust Never Sleeps,2022-01-01,3,15r7EpXfZNfVB8RxujS3CR
7jvcSnCnugLcisBCNBm60s,Brothers in Arms,1985-05-13,9,0WwSkZ7LtFUFjGjMZBMt6T
20r762YmB5HeofjMCiPMLv,My Beautiful Dark Twisted Fantasy,2010-11-22,13,5K4W6rqBFWDnAN6FQUkS6x
1HmCO8VK98AU6EXPOjGYyI,52nd Street,1978-10-13,9,6zFYqv1mOsgBRQbae3JJ9e
0wK1Qr64JdEH53eQyhad6v,12 Songs,2006-03-21,12,0uzmoK3E1j2Cvl9XkFs1JR
36BIYdP4WtviD9Ngqc4SK5,Between The Buttons,1967-01-20,12,22bE4uQ6baNwSHPVcDxLCe
2xyhltm9XWSQ5xok4C81BD,Sketches of Spain,1960-07-18,5,7g9DeYASD3RzlT4kDchsQZ
6TxgQwGrbG3XZLNPOEhg7E,Singles Going Steady,1979,24,2DxlS3lTLFIq70S7ap5H3y
2tm3Ht61kqqRZtIYsBjxEj,Stankonia,2000-10-31,24,1G9G7WwrXka3Z1r7aIDjI7
0ru8LiiyWfkrHIqh0nSUTA,Siamese Dream,2021-07-23,13,6Qm9stX6XO1a4c7BXQDDgc
7IKUTIc9UWuVngyGPtqNHS,L.A. Woman,1971-04-19,10,22WZ7M8sxp5THdruNY3gXt
4LaRYkT4oy47wEuQgkLBul,Rage Against The Machine,1992-11-03,10,2d0hyoQ5ynDBnkvAbJKORj
19rYWxZfMdEOxTDODFjLyb,American Recordings,1994-01-01,13,6kACVPfCOnqzgfEF5ryl0x
6cuNyrSmRjBeekioLdLkvI,Ray of Light,1998-03-03,13,6tbjWDEIzxoDsBA1FuhfPW
2nDXZzdlRdOJy6wb8qWViK,Eagles,2023-07-28,1,2O4jyeF4uyGLsGcjY49zbS
45StnugV9WQMQwk4rRoTy8,Louder Than Bombs,1987,24,3yY2gUcIsjMr8hjo51PoJ8
50Zz8CkIhATKUlQMbHO3k1,"Whatever People Say I Am, That's What I'm Not",2006-01-29,13,7Ln80lUS6He07XvHI8qqHH
5SxBU3zQaLOq5eapsG3jFQ,Volunteers,2004-06-18,15,2qFr8w5sWUITRlzZ9kZotF
4VVcfdD0w5pUHN96udQQsi,Siren,2018-08-24,1,245PKF3hKjtxJKIG153kF0
53brw1z0TV0POlTGG1IMZp,Late For The Sky,2021-01-27,6,5zjZ00N8eGpEVkqlSWhQOD
2Ul7B1LEHxXzYubtkTMENs,Post,1995-06-13,11,7w29UYBi0qsHi5RTcv3lmA
2u30gztZTylY4RG7IvfXs8,(What's The Story) Morning Glory?,1995-10-02,12,2DaxqgrOhkeH0fpeiQq2f4
5eg56dCpFn32neJak2vk0f,Crazysexycool,1994-11-15,16,0TImkz4nPqjegtVSMZnMRq
7a341nZsSfwyBsq1tMPETz,Funky Kingston,1973-01-01,10,6ZFv3wQwwWPiVDWhv0mjQK
5SKIMMI6ilJTGOLd69Q9aM,The Smile Sessions,2011-01-01,139,3oDbviiivRWhXwIE8hxkVV
39jsLMRmrTpfdq2vE4TCUe,More Songs About Buildings and Food,1978-07-14,11,2x9SpqnPi8rlE9pjHBwmSC
3DNPddXQQ3VfK3DOjYNzCZ,A Quick One,2022-06-22,2,4EVEDeuMzCoSjdVN3AoIyv
4XfN871nBIz6obaUDEzZXm,Pretzel Logic,1974-02-20,11,6P7H3ai06vU1sGvdpBwDmE
7rCeBvmSSKOc36ktul1zfv,The Indestructible Beat of Soweto,2022-09-14,30,6GUrCt1ablvH0B5C40ogVp
12lDqJuZIqMk6DNe1fInFl,The End Of The Innocence,1989-06-27,10,5dbuFbrHa1SJlQhQX9OUJ2
6D9urpsOWWKtYvF6PaorGE,Elephant,2003-04-01,14,4F84IBURUo98rz4r61KF70
1AqUcQKtf2AQ6rFRKIBei8,The Pretender,1977-08-30,8,5lkiCO9UQ8B23dZ1o0UV4m
2xoj2gYed3IYmGWn3owSfu,Kala,2007-08-20,12,0QJIPDAEDILuo8AIq3pMuU
4UY90kcO4N9ZPBl4xPLvvU,Good Old Boys,1974,13,3HQyFCFFfJO3KKBlUfZsyW
1R8kkopLT4IAxzMMkjic6X,Sound of Silver,2007-03-12,9,066X20Nz7iquqkkCW6Jxy6
0rHJ7WovNY23g8QRKHCUMw,For Your Pleasure,1998-08-18,10,6tBzJqpqRAPyJFR4Rq0yBP
5KKKeDB28viWm7uoDdRrgR,Blue Lines,2023-04-02,1,6DY0dexcQxzOk5piz7kUbg
5LMGAYhn2ywaxGZdtmXGpw,Eliminator,1983-03-23,11,2AM4ilv6UzW0uMRuqKtDgN
0yEtf1zE344dTflQAEi6bq,Rain Dogs,2022-10-21,1,77s45paaVsbPjByV4WjhZe
0fLhefnjlIV3pGNF9Wo8CD,Californication,1999-06-08,15,0L8ExT028jH3ddEcZwqJJ5
3kEtdS2pH6hKcMU9Wioob1,Illmatic,1994-04-19,10,20qISvAhX20dpIbOOzGK3q
15jDv2HgLoilWgd4KWaLQn,Dr. John's Gumbo,1972,12,320TrJub4arztwXRm7kqVO
3mtVgumHx6y9I2UvW4lUd5,Radio City,1974,12,3UvcmAOZt64oKpP95f6MMM
2fDJpBJhtloxzUENHlU9JB,Rid Of Me,1993-01-01,14,12VaqyEhgwDRuFfEqbnrpz
0fV9DAddjwNZcmCP1Q8b01,I Do Not Want What I Haven't Got,1990-07-01,10,4sD9znwiVFx9cgRPZ42aQ1
6v5IVMmY1IvWtbfnQoiFSf,Strange Days,1967-09-25,10,22WZ7M8sxp5THdruNY3gXt
185DHT5SvszXRrezx3lOjt,Time Out Of Mind,1997-09-30,11,74ASZWbe4lXaubB36ztrGX
73cxqemPE6sVoCkwRuPU6E,461 Ocean Boulevard,1974-07-01,10,6PAt558ZEZl0DmdXlnjMgD
01G6d8qmOwIImZDl7bctck,PINK FLAG,2022-08-12,8,2PcDPV6gOJt9P7UPVNLQm0
5viZ5HyYtV0wafK7DoXmgF,Double Nickels on the Dime,1984-07-24,43,0z6zRFzl5njXWLVAisXQBz
1L4HE00En7eNK74voVZums,Beauty And The Beat,1981-01-01,11,2mG8HHQ9S9kcbjcrb5N1FE
5czAsxlijMjUM4cr9HjDLU,Van Halen,2023-06-09,3,5vvvgOwPjA4R5t07ZXLLwZ
0C3KlTQIgU6CcyoNji3XUg,Band on the run,2022-01-06,1,02PIkpHPVjo32AcS9pemms
3539EbNgIdEDGBKkUf4wno,Dummy,1994-01-01,11,6liAMWkVf5LH7YR9yfFy1Y
0CoNLgOwcZGBUSwd9fAZuy,Presenting the Fabulous Ronettes Featuring Veronica,1964-11-01,12,7CyeXFnOrfC1N6z4naIpgo
3eI6PUZit1cF2ty6l7sXjI,Anthology,2017-09-29,39,7y70dch6JuuuNnwlsOQvwW
23vzCh5cDn0LzdGmGWrT1d,The Rising,2002-07-30,15,3eqjTLE0HfPfh78zjh6TqT
6UQujMGmR5MbFsML9amCuN,Grievous Angel,1974,9,1KA3WXYMPLxomNuoE22LYd
2d5mKkSWO8rz96HFrdLPZ9,Sleepless,2022-05-27,2,5oJvmyeWzyeahRtjup3Oys
6uoeezh45SYEb8lcT8gDTY,Another Green World,1975-09-01,14,7MSUfLeTdDEoZiJPDSBXgi
7n8NJkGKAl2np1bXiRn0CY,Vampire Weekend,2008-01-29,11,5BvJzeQpmsdsFp4HGUYUEx
0hBWhJEmVyNPG2Jq71CJXz,"Stories From The City, Stories From The Sea",2000-01-01,12,12VaqyEhgwDRuFfEqbnrpz
74jn28Kr29iyh8eZXSvnwi,Here Come The Warm Jets,1973,10,7MSUfLeTdDEoZiJPDSBXgi
3YfIqI6i6Zx5rLsZIO7kmY,ALL THINGS MUST PASS,2017-09-13,24,2PhFw7yt46F2dU8PV2eGpz
7wOOA7l306K8HfBKfPoafr,In Utero,1993-09-21,12,6olE6TJLqED3rqDCT0FyPh
5ieP11rJQvuYz0Ov3k03cy,Sea Change,2002-01-01,12,3vbKDsSS70ZX9D2OcvbZmS
5BGzOpea6At0Nd7tYtYZOP,Tha Carter III,2008-06-10,16,55Aa2cqylxrFIXC767Z865
5ZO41aiZvwUanT9qKPcriR,Boys Don't Cry,2016-09-25,11,2IMZYfNi21MGqxopj9fWx8
5uy9pvgfvVAlZnegK6fPLU,Rum Sodomy & The Lash,1985,13,2wzMOQwNT6ZvVB4amvhFAH
0EIQdSr5fqyTAiz5KfAaea,Suicide,2022-10-14,1,3YYbAExunnHv5pW7GUZefk
1u2Qni8cVRptDTaA00fmBC,Q: Are We Not Men? A: We Are Devo!,1978,11,0UKfenbZb15sqhfPC6zbt3
2sXJQdHykPYcRQ7xFhwzMR,In Color,1977-09,10,1LB8qB5BPb3MHQrfkvifXU
4UZmpGH8kpAgyZ2yqQ8sP9,The World is a Ghetto,1972-11-01,6,3ICyfoySNDZqtBVmaBT84I
0fjJOLqG3v7vXRYhz2wxPC,Fly Like An Eagle,1976-01-01,12,6QtGlUje9TIkLrgPZrESuk
67NkpPGMcxoIiumOW3oRpL,Back In The USA,1970,11,4WquJweZPIK9qcfVFhTKvf
3lqtgKBuOEP6IcYq2qpoEb,Getz / Gilberto,2023-04-29,1,5esdE6GazQvt6BQMhFLeOA
3K5o4pXNsxdxW8MEn2jtel,Synchronicity,2021-05-14,2,7Ce1uDyyat0uJpzu7CDaEI
12X80pgkHSjMDgAAS0HBdr,For Everyman,1973,10,5lkiCO9UQ8B23dZ1o0UV4m
097eYvf9NKjFnv4xA9s2oV,Back To Black,2006-10-27,11,6Q192DXotxtaysaqNPy5yR
5t4FHrIAHI8nolSAOBRgPp,John Prine,1971,13,0nJUwPwC9Ti4vvuJ0q3MfT
2HOl8gDiGGpt7wsIDi9jy5,Strictly Business,1988-06-07,10,3zpKjsMg2gw1St5WcWoUJN
6p7jHbG5Bd6z2JgfKx0um7,Love It to Death,1971,9,3EhbVgyfGd7HkpsagwL9GS
5dl01XDIMXrmjJ22obqfhQ,How Will the Wolf Survive?,1984-10-17,11,6OWapcJm9xd55ci9CYbAuT
1iVf41qWHZsAk9DwY43WnV,"Here, My Dear",1978-12-15,14,3koiLjNrgRTNbOwViDipeA
2qCyMMQ785sPH4Yx25GQZ8,Z,2014-04-08,10,7tYKF4w9nC0nq9CsPZTHyP
03zfU3IwWmymKoaWnwFNaY,Tumbleweed Connection,1970-10-30,12,3PhoLpVuITZKcymswpck5b
2Rwf2nPYZQ9aIe4QXACTC7,Live Through This,1994-01-01,12,5SHQUMAmEK5KmuSb0aDvsn
7zO7Q72nwUjjKkW2glCXbq,METAL BOX,2008-04-09,11,6QONT9IlJdIzgVKsQZixEy
29rkfL25uKOkVOhyr1CmXJ,Heaven up Here,1981-05-30,11,0fgYKF9Avljex0L9Wt5b8Z
1ja2qzCrh6bZykcojbZs82,Hysteria,1987-08-03,12,6H1RjVyNruCmrBEWRbD0VZ
2GuROKcqyHdpIDcgxml1C7,69 Love Songs,1999-09-14,69,6RWjTQqILL7a1tQ0VapyLK
0RHX9XECH8IVI3LNgWDpmQ,A Rush of Blood to the Head,2002-08-08,11,4gzpq5DPGxSnKTe4SA8HAU
5Qcef60m4gcckV24PmPYVq,Tunnel Of Love,1987-10-09,12,3eqjTLE0HfPfh78zjh6TqT
785WNIAl2zC3OZ6XHjFaIG,The Paul Butterfield Blues Band,1965,11,6kz7WuPaUa4QVreP27I33i
4z6F5s3RVaOsekuaegbLfD,The Score,1996-02-13,15,2WKdxPFRD7IqZvlIAvhMgY
1K1Qdd60pW48wEgWGQLeRt,I Want To See The Bright Lights Tonight,1974,13,4hw4TPMyAzHqNBcWtoDrK5
2MlT9dGKoGH2hsfcz7UUXL,Faith,2021-07-16,20,0eDvMgVFoNV3TpwtrVCoTj
6cI1XoZsOhkyrCwtuI70CN,The Smiths,1984-02-20,11,3yY2gUcIsjMr8hjo51PoJ8
0SCCyytpH3s6u1DSDEZbmN,Armed Forces,2023-08-03,10,7vBNNO5y6Nsunv5cc7mwDZ
1WImPglJycAdHQ79c8yRH8,Life After Death,2022-11-11,15,5VX8hxrcfJWwaTLiqGUHG3
4XtyzFCp2tAOynVSQLZMOf,Down Every Road,2022-04-29,12,37D1QyrEFNkcv0f62xo46x
6DLnBf2xooYa5UniuggpnD,All Time Greatest Hits,1991,10,0jgAONnsHxrwAlhkMUVS78
3ywVzrwMQ3Kq43N9zBdBQm,Maggot Brain,1971-07-12,7,450o9jw6AtiQlQkHCdH6Ru
2lO9yuuIDgBpSJzxTh3ai8,Voodoo,2000-01-01,13,336vr2M3Va0FjyvB55lJEd
3bEnaGjQRqfoqNkAQtO1Uy,Guitar Town,1986-01-01,10,2UBTfUoLI07iRqGeUrwhZh
7LMOo068Ndv0wjTGUDtYqK,Entertainment!,1979-09-25,12,3AmWjMXXtBJOmNGpUFSOAl
5rMgrctAvvJAw0B0J5iOnU,All The Young Dudes,2020-12-20,1,2SwCFPOsyW9RLX27oTlw5Z
5pd9B3KQWKshHw4lnsSLNy,Vitalogy,1994-11-22,17,1w5Kfo2jwwIPruYS2UWh56
1FvdZ1oizXwF9bxogujoF0,She's So Unusual,1983-10-14,10,2BTZIqw0ntH9MvilQ3ewNY
2eOu9QDLP2MoO04ZtII2Vm,New Day Rising,1985-01-01,15,16bN8mhtDFdegWbg0z3s10
59plsPcJYFlSA5ImekNQJ0,Destroyer,1976-03-15,10,07XSN3sPlIlB2L2XNcTwJw
42WQ76qWDQmHlHvJa6Z3Uw,Born Under A Bad Sign,1967,11,5aygfDCEaX5KTZOxSCpT9o
2PFK4dMZkqUQfxfSrK8WMf,Touch,2005,13,08rMCq2ek1YjdDBsCPVH2s
0rPtXOMN42nsLDiShvGamv,Yankee Hotel Foxtrot,2002-04-16,11,2QoU3awHVdcHS8LrZEKvSM
6mm1Skz3JE6AXneya9Nyiv,Oracular Spectacular,2007-12-14,10,0SwO7SWeDHJijQ3XNS7xEE
5DJ33SIMoSKBJg2Y4uQc7p,Give It Up,2023-10-27,1,14V8ZRhL66NIzXAmYtQ8Vj
4i1GgeitxAC8fy48Cwcl54,Boz Scaggs,1969,9,46njgd2Rq9tZc4ZjeQMgbh
6Xvc1TfpVEhDeHhmTQEtp0,White Blood Cells,2001-07-03,16,4F84IBURUo98rz4r61KF70
0um9FI6BLBldL5POP4D4Cw,The Stone Roses,1989-05-02,12,1lYT0A0LV5DUfxr6doRP3d
3mCS3cMduOlki845XA4gDZ,Live In Cook County Jail,1971-01-01,8,5xLSa7l4IV1gsQfhAMvl0U
5ceB3rxgXqIRpsOvVzTG28,Aquemini,1998-09-29,16,1G9G7WwrXka3Z1r7aIDjI7
2SX47JWeyg4hlKfYwQ3AdA,The Bridge,2023-09-15,2,6WY7D3jk8zTrHtmkqqo5GI
2wqTlagAdAEh89tMuToml0,Van Halen III,1998-03-17,12,2cnMpRsOVqtPMfq7YiFE6K
23XiIM9QKyC9urzQbTidGE,Built To Last,2023-05-26,13,467o5z7PYxbXFAGA0mvhAQ
3L6JBfRxhzGzhhRDlTEdBz,Idlewild,2006-08-22,25,1G9G7WwrXka3Z1r7aIDjI7
77pIdRuNu9xRYk6BB6l9nI,Countryman,2005-01-01,12,5W5bDNCqJ1jbCgTxDD0Cb3
5CI03g8QNehnEWXAhRtw0s,Around The Sun,2004-01-01,13,4KWTAlx2RvbpseOGMEmROg
4ljK2LVKvEPd5xPgUJn0Bs,St. Anger,2003-06-05,11,2ye2Wgw4gimLv2eAKyk1NB
3E01XjnmC1HdxTE8dPuEkn,Cut The Crap,1985-11-04,12,3RGLhK1IP9jnYFH4BRFJBS
2XRy88bXI7Nd7ObnLXzoJD,Calling All Stations,1997-09-01,11,3CkvROUTQ6nRi9yQOcsB50
3Ull45eHLzGXtElhKHFJ7C,Changes,2018,10,0U7iI0Dk4Ojvi17nZboNO4
6mFvuRlPtmwXLhh2qdzTI7,Chaos and Disorder,1996-07-09,11,5a2EaR3hamoenG9rDuVn8j
63TYyeXlBYoYKNvE6rT3hI,Time,2014-10-06,15,0pWwt5vGNzezEhfAcc420Y
1h1L289HfgEdSji0vu6w2g,Music from the Elder,2023-08-06,3,3dfyIXPlHfOFS5SDBMW9KH
0q3FViNIlVmYObIGAXbNhK,Psychoderelict,1993-06-15,21,24Wa5wIZIo1sPkzVGP0B5p
1WEfOTItaPIa0dVxxLJqlI,Nine Lives,1997-03-18,13,7Ey4PD4MYsKc5I2dolUwbH
0rbgxvTKe3Y4VRar4sIYzT,Liz Phair,2003-01-01,14,2LXeJdQVcFkhkWydphLI74
2wJ1m0RNk8CEDyPNFK6JDa,Raditude,2009-11-03,10,3jOstUTkEu2JkjvRdBA5Gu
2AtvtW3U8dv9C61S88M2w8,Give My Regards To Broad Street,1984-10-22,15,4STHEaNw4mPZ2tzheohgXB
6EL1CpUnemPFyu30uPEu9N,Dog Eat Dog,2022-07-27,1,3vldh5Ceynytj6Iglw4haP
6c7Tr0ltE8TX2x3loUeFgW,Brothers Of The Road,1981-08,10,4wQ3PyMz3WwJGI5uEqHUVR
1s8DfGDgydp7XFCkSiMYZb,Crown Royal,2001-04-03,12,3CQIn7N5CuRDP8wEI7FiDA
6makHXbA3KBYNlYEPXyFJW,American Life,2003-04-22,11,6tbjWDEIzxoDsBA1FuhfPW
3u5KHo4q2j8QEsp1mePjes,Fork In The Road,2007-01-01,12,7yTltkMBvChBkA86Tz8WfW
2v3xdUz73rd6Nness5SSIh,Rebirth,2009-01-01,12,55Aa2cqylxrFIXC767Z865
0L85D5LQxwRM6Di9YVJUJ9,The Doctor,1999,14,4L3GTE04bW5N7azA9QPhjA
63a1DgGeNsC197MCiV0X0i,Full Circle,2009-01-01,12,43sZBwHjahUvgbx1WNIkIz
6lKblzPniPSFL5LetqvyhZ,Speeding Time,1983,10,319yZVtYM9MBGqmSQnMyY6
6TucZUr2aTGFXxJpPMFWAu,Gone Troppo,2015-09-04,14,1vd7OHxzKOJeFKjN1M7VTb
18X1MIMcwyDPIjrwn00p7e,Mistrial,1986-06-26,10,42TFhl7WlMRXiNqzSrnzPL
0Bukf9slmCY0nPhy80GzEQ,Never Let Me Down,2020-04-24,1,09agIJMxCD2k87ys9Al0f0
4WVn7HT02NfFnztgLEpvw1,Right By You,2022-09-16,1,341ntJveJBpKhKj316dttw
2B7lOrhmRawYzInu75QOgx,Leather Jackets,1986-10-15,11,3PhoLpVuITZKcymswpck5b
5isLBw3aeVYDdkFDOTosDp,Summer in Paradise,2019-07-22,4,1ziop6MvACsEsogEf7Qqd4
4HirIvj3y4Ok3o2MCZtdfB,Mardi Gras,1972-04-11,10,3IYUhFvPQItj6xySrBmZkd
1coCqgKxUrM8bjqL88jmMy,American Dream,2020-10-20,1,05o2ENqv0CV8aD6BWKEaBD
24Ew6JT72Or0QX4hI17uZa,Unfinished Music No. 1: Two Virgins,1968-11-11,3,4x1nvY2FN8jxqAFA0DA02H
26K89QhlCtQnTQTDM0WR8H,Forbidden,2018-03-27,30,0gBvuNzrFCOVaiyKexoYMH
1jqNoER2ibSB8I0DMm54Ac,Down In The Groove,1988-05-31,10,74ASZWbe4lXaubB36ztrGX
3XCrGjMRjFr7wnLwtggU85,METAL MAGIC,2018-10-01,1,6LkVV1P1gvsluy7OOZNG7g
7FhYez9lKblYnyqzaK2Lid,Union,2009-01-13,11,7DEseTqRODmSu3C7jxCHl5
54p7fdwenIgGmhUK4qbCiT,Squeeze,2022-02-25,11,4pdoRs7yHNXakMobf8M9Oz
2Ek1q2haOnxVqhvVKqMvJe,ye,2018-06-01,7,5K4W6rqBFWDnAN6FQUkS6x
