,sp_albumid,rs_toprankingorder,rs_albumname,rs_artist,rs_year,albums_sp_albumid
0,1x1jpjDbetGqX0IKCUIBNj,1,Sgt Peppers Lonely Hearts Club Band,The Beatles,1967-01-01,1x1jpjDbetGqX0IKCUIBNj
1,2CNEkSE8TADXRT2AzcEt1b,2,Pet Sounds,The Beach Boys,1966-01-01,2CNEkSE8TADXRT2AzcEt1b
2,0T1sskJDoybYGvPU5aw5Cf,3,Revolver,The Beatles,1966-01-01,0T1sskJDoybYGvPU5aw5Cf
3,6YabPKtZAjxwyWbuO9p4ZD,4,Highway 61 Revisited,Bob Dylan,1965-01-01,6YabPKtZAjxwyWbuO9p4ZD
4,5TIQEIzrI6RQfUVQ5Y571D,5,Rubber Soul,The Beatles,1965-01-01,5TIQEIzrI6RQfUVQ5Y571D
6,7GxLUFkXPoxcLxD7cZVlpV,7,Exile on Main St,The Rolling Stones,1972-01-01,7GxLUFkXPoxcLxD7cZVlpV
7,4gBDKJ2HdnUqybh3Haqs8m,8,London Calling,The Clash,1979-01-01,4gBDKJ2HdnUqybh3Haqs8m
8,4NP1rhnsPdYpnyJP0p0k0L,9,Blonde on Blonde,Bob Dylan,1966-01-01,4NP1rhnsPdYpnyJP0p0k0L
10,1MXqJeTXdeFEERhpyhBCnj,11,The Sun Sessions,Elvis Presley,1976-01-01,1MXqJeTXdeFEERhpyhBCnj
11,1weenld61qoidwYuZ1GESA,12,Kind of Blue,Miles Davis,1959-01-01,1weenld61qoidwYuZ1GESA
14,7rSZXXHHvIhF4yUFdaOCy9,15,Are You Experienced,The Jimi Hendrix Experience,1967-01-01,7rSZXXHHvIhF4yUFdaOCy9
15,4WD4pslu83FF6oMa1e19mF,16,Blood on the Tracks,Bob Dylan,1975-01-01,4WD4pslu83FF6oMa1e19mF
16,6c5gDwB7Xo58thk2vap4Ch,17,Nevermind,Nirvana,1991-01-01,6c5gDwB7Xo58thk2vap4Ch
17,43YIoHKSrEw2GJsWmhZIpu,18,Born to Run,Bruce Springsteen,1975-01-01,43YIoHKSrEw2GJsWmhZIpu
18,4pG3bKkbmReDt5QTDn3JDz,19,Astral Weeks,Van Morrison,1968-01-01,4pG3bKkbmReDt5QTDn3JDz
19,2ANVost0y2y52ema1E9xAZ,20,Thriller,Michael Jackson,1982-01-01,2ANVost0y2y52ema1E9xAZ
21,6QwHn86Rw53qli3Y6b41Rd,22,The Complete Recordings,Robert Johnson,1990-01-01,6QwHn86Rw53qli3Y6b41Rd
23,5jgI8Eminx9MmLBontDWq8,24,Innervisions,Stevie Wonder,1973-01-01,5jgI8Eminx9MmLBontDWq8
25,1bt6q2SruMsBtcerNVtpZB,26,Rumours,Fleetwood Mac,1977-01-01,1bt6q2SruMsBtcerNVtpZB
26,5vBZRYu2GLA65nfxBvG1a7,27,The Joshua Tree,U2,1987-01-01,5vBZRYu2GLA65nfxBvG1a7
28,3ycjBixZf7S3WpC5WZhhUK,29,Led Zeppelin,Led Zeppelin,1969-01-01,3ycjBixZf7S3WpC5WZhhUK
29,2xZSrcBmvMw9Y8hac6xU7L,30,Blue,Joni Mitchell,1971-01-01,2xZSrcBmvMw9Y8hac6xU7L
30,1lPoRKSgZHQAYXxzBsOQ7v,31,Bringing It All Back Home,Bob Dylan,1965-01-01,1lPoRKSgZHQAYXxzBsOQ7v
31,4l4u9e9jSbotSXNjYfOugy,32,Let It Bleed,The Rolling Stones,1969-01-01,4l4u9e9jSbotSXNjYfOugy
32,5e3eOPB1H5R2bMtkgnnKVl,33,Ramones,Ramones,1976-01-01,5e3eOPB1H5R2bMtkgnnKVl
33,3QqhURrsxUO9UGQWePlBjF,34,Music From Big Pink,The Band,1968-01-01,3QqhURrsxUO9UGQWePlBjF
35,12n11cgnpjXKLeqrnIERoS,36,Tapestry,Carole King,1971-01-01,12n11cgnpjXKLeqrnIERoS
36,6ZYBo6TaCVbeJPgY7oX3Y9,37,Hotel California,Eagles,1976-01-01,6ZYBo6TaCVbeJPgY7oX3Y9
37,5kP2AlLe5EsHEx6y3HpJjN,38,The Anthology,Muddy Waters,2001-01-01,5kP2AlLe5EsHEx6y3HpJjN
39,4rSSLeJIKgTj7nymJ5Xgs6,40,Forever Changes,Love,1967-01-01,4rSSLeJIKgTj7nymJ5Xgs6
41,1jWmEhn3ggaL6isoyLfwBn,42,The Doors,The Doors,1967-01-01,1jWmEhn3ggaL6isoyLfwBn
42,4LH4d3cOWNNsVw41Gqt2kv,43,The Dark Side of the Moon,Pink Floyd,1973-01-01,4LH4d3cOWNNsVw41Gqt2kv
43,0OeuSeP8wp8n8OuTqYb61C,44,Horses,Patti Smith,1975-01-01,0OeuSeP8wp8n8OuTqYb61C
46,7Eoz7hJvaX1eFkbpQxC5PA,47,A Love Supreme,John Coltrane,1965-01-01,7Eoz7hJvaX1eFkbpQxC5PA
47,1Rj1daFzMlYzLv7lJl14hz,48,It Takes a Nation of Millions to Hold Us Back,Public Enemy,1988-01-01,1Rj1daFzMlYzLv7lJl14hz
48,0Y5Wlv2OJKaW0uDJ5HnUfy,49,At Fillmore East,The Allman Brothers Band,1971-01-01,0Y5Wlv2OJKaW0uDJ5HnUfy
50,0JwHz5SSvpYWuuCNbtYZoV,51,Bridge Over Troubled Water,Simon  Garfunkel,1970-01-01,0JwHz5SSvpYWuuCNbtYZoV
51,1WBZyULtlANBKed7Zf9cDP,52,Greatest Hits,Al Green,1975-01-01,1WBZyULtlANBKed7Zf9cDP
53,3RPMCDSd1yj37hlqbizmeT,54,The Birth of Soul,Ray Charles,1991-01-01,3RPMCDSd1yj37hlqbizmeT
54,5z090LQztiqh13wYspQvKQ,55,Electric Ladyland,The Jimi Hendrix Experience,1968-01-01,5z090LQztiqh13wYspQvKQ
55,7GXP5OhYyPVLmcVfO9Iqin,56,Elvis Presley,Elvis Presley,1956-01-01,7GXP5OhYyPVLmcVfO9Iqin
56,6YUCc2RiXcEKS9ibuZxjt0,57,Songs in the Key of Life,Stevie Wonder,1976-01-01,6YUCc2RiXcEKS9ibuZxjt0
57,0Oz0U3CRwTR3oTGsUfJb3I,58,Beggars Banquet,The Rolling Stones,1968-01-01,0Oz0U3CRwTR3oTGsUfJb3I
58,1QMVI7vXJxC2f4R65Mu1zd,59,Chronicle The 20 Greatest Hits,Creedence Clearwater Revival,1976-01-01,1QMVI7vXJxC2f4R65Mu1zd
60,1WBZyULtlANBKed7Zf9cDP,61,Greatest Hits,Sly  The Family Stone,1970-01-01,1WBZyULtlANBKed7Zf9cDP
61,28yHV3Gdg30AiB8h8em1eW,62,Appetite for Destruction,Guns N Roses,1987-01-01,28yHV3Gdg30AiB8h8em1eW
62,5n52kyQKeUZs5ObZJejLQd,63,Achtung Baby,U2,1991-01-01,5n52kyQKeUZs5ObZJejLQd
63,4tteoxk0i9qnjXK84MbR3h,64,Sticky Fingers,The Rolling Stones,1971-01-01,4tteoxk0i9qnjXK84MbR3h
65,5PfnCqRbdfIDMb1x3MPQam,66,Moondance,Van Morrison,1970-01-01,5PfnCqRbdfIDMb1x3MPQam
66,6GjwtEZcfenmOf6l18N7T7,67,Kid A,Radiohead,2000-01-01,6GjwtEZcfenmOf6l18N7T7
67,2ZytN2cY4Zjrr9ukb2rqTP,68,Off the Wall,Michael Jackson,1979-01-01,2ZytN2cY4Zjrr9ukb2rqTP
69,3IILMjMMnoN2sKzgesX8KV,70,The Stranger,Billy Joel,1977-01-01,3IILMjMMnoN2sKzgesX8KV
70,4WoQ94qzwQj28n3nlSOVLB,71,Graceland,Paul Simon,1986-01-01,4WoQ94qzwQj28n3nlSOVLB
71,4wXzZSDJSxTMGq9XcvFTYj,72,Superfly,Curtis Mayfield,1972-01-01,4wXzZSDJSxTMGq9XcvFTYj
72,0JpERbnfgcW2UYkdgmhlkR,73,Physical Graffiti,Led Zeppelin,1975-01-01,0JpERbnfgcW2UYkdgmhlkR
73,4uyeTospkcNKXESudPRldI,74,After the Gold Rush,Neil Young,1970-01-01,4uyeTospkcNKXESudPRldI
74,2yuTyv0L51qvYuI5RIktlA,75,Star Time,James Brown,1991-01-01,2yuTyv0L51qvYuI5RIktlA
75,7nXJ5k4XgRj5OLg9m8V3zc,76,Purple Rain,Prince and the Revolution,1984-01-01,7nXJ5k4XgRj5OLg9m8V3zc
76,6mUdeDZCsExyJLMdAfDuwh,77,Back in Black,ACDC,1980-01-01,6mUdeDZCsExyJLMdAfDuwh
79,0xzaemKucrJpYhyl7TltAk,80,Imagine,John Lennon,1971-01-01,0xzaemKucrJpYhyl7TltAk
80,3l3qhuUYMC5JdnXkxTl5v0,81,The Clash,The Clash,1977-01-01,3l3qhuUYMC5JdnXkxTl5v0
81,7ikmya3wGPGHxKVoCCG3r8,82,Harvest,Neil Young,1972-01-01,7ikmya3wGPGHxKVoCCG3r8
82,3uFZf8rykoHo7XMIQVYW6r,83,Axis Bold as Love,The Jimi Hendrix Experience,1967-01-01,3uFZf8rykoHo7XMIQVYW6r
83,5WndWfzGwCkHzAbQXVkg2V,84,I Never Loved a Man the Way I Love You,Aretha Franklin,1967-01-01,5WndWfzGwCkHzAbQXVkg2V
84,6MmlvQ1oQ1ZZRXbSFG6GmE,85,Lady Soul,Aretha Franklin,1968-01-01,6MmlvQ1oQ1ZZRXbSFG6GmE
85,0PMasrHdpaoIRuHuhHp72O,86,Born in the USA,Bruce Springsteen,1984-01-01,0PMasrHdpaoIRuHuhHp72O
86,5Dbax7G8SWrP9xyzkOvy2F,87,The Wall,Pink Floyd,1979-01-01,5Dbax7G8SWrP9xyzkOvy2F
87,4TJIdlY9hGSSTO1kUs1neh,88,At Folsom Prison,Johnny Cash,1968-01-01,4TJIdlY9hGSSTO1kUs1neh
88,14UrtAcLym4a6f7IgXVGjF,89,Dusty in Memphis,Dusty Springfield,1969-01-01,14UrtAcLym4a6f7IgXVGjF
89,3PResMqFgQYBfzTnqTKwQw,90,Talking Book,Stevie Wonder,1972-01-01,3PResMqFgQYBfzTnqTKwQw
90,2ltdhm5JuSUm5L0DizaUwO,91,Goodbye Yellow Brick Road,Elton John,1973-01-01,2ltdhm5JuSUm5L0DizaUwO
91,5ourevL93kFzjWH6lIyT42,92,20 Golden Greats,Buddy Holly,1978-01-01,5ourevL93kFzjWH6lIyT42
93,6zIYEv6soMoaZiypsHB5dd,94,40 Greatest Hits,Hank Williams,1984-01-01,6zIYEv6soMoaZiypsHB5dd
94,3Q0zkOZEOC855ErOOJ1AdO,95,Bitches Brew,Miles Davis,1970-01-01,3Q0zkOZEOC855ErOOJ1AdO
95,5cT7ee1sy2oEbFalP4asS4,96,Tommy,The Who,1969-01-01,5cT7ee1sy2oEbFalP4asS4
96,0o1uFxZ1VTviqvNaYkTJek,97,The Freewheelin Bob Dylan,Bob Dylan,1963-01-01,0o1uFxZ1VTviqvNaYkTJek
97,2dFoSKGYtvtXmRizZD8Nj8,98,This Years Model,Elvis Costello,1978-01-01,2dFoSKGYtvtXmRizZD8Nj8
99,6XqM4NINcx3oc7NhOUKxXp,100,Odessey and Oracle,The Zombies,1968-01-01,6XqM4NINcx3oc7NhOUKxXp
100,3GmwKB1tgPZgXeRJZSm9WX,101,In the Wee Small Hours,Frank Sinatra,1955-01-01,3GmwKB1tgPZgXeRJZSm9WX
101,6iyKqDoL9pRSHUsDBYemlB,102,Fresh Cream,Cream,1966-01-01,6iyKqDoL9pRSHUsDBYemlB
102,2m5RKUit8PUNE6QPcmA7sI,103,Giant Steps,John Coltrane,1959-01-01,2m5RKUit8PUNE6QPcmA7sI
103,4fRwvOdYpHOk4WMTVvP6Bd,104,Sweet Baby James,James Taylor,1970-01-01,4fRwvOdYpHOk4WMTVvP6Bd
105,3SBh2kzao9z3gLCzOV45ho,106,Rocket to Russia,Ramones,1977-01-01,3SBh2kzao9z3gLCzOV45ho
107,6ymM2Dv44843IM98PLKWeL,108,Hunky Dory,David Bowie,1971-01-01,6ymM2Dv44843IM98PLKWeL
108,72qrnM4yUNMDDlWiqKc8iY,109,Aftermath,The Rolling Stones,1966-01-01,72qrnM4yUNMDDlWiqKc8iY
109,1IOJo40EKOLngOzy09pQMi,110,Loaded,The Velvet Underground,1970-01-01,1IOJo40EKOLngOzy09pQMi
110,35UJLpClj5EDrhpNIi4DFg,111,The Bends,Radiohead,1995-01-01,35UJLpClj5EDrhpNIi4DFg
111,6zK7GV2JCqLknAdTeIhooB,112,If You Can Believe Your Eyes and Ears,The Mamas and the Papas,1966-01-01,6zK7GV2JCqLknAdTeIhooB
112,2J3yc94qjL2PxnWX80Lkhm,113,Court and Spark,Joni Mitchell,1974-01-01,2J3yc94qjL2PxnWX80Lkhm
113,6fRqzJT070Kp9RWlSXmKcY,114,Disraeli Gears,Cream,1967-01-01,6fRqzJT070Kp9RWlSXmKcY
114,59TsZod1kJQRB7YdRWnxNJ,115,The Who Sell Out,The Who,1967-01-01,59TsZod1kJQRB7YdRWnxNJ
115,2Q5MwpTmtjscaS34mJFXQQ,116,Out of Our Heads,The Rolling Stones,1965-01-01,2Q5MwpTmtjscaS34mJFXQQ
117,5ll74bqtkcXlKE7wwkMq4g,118,Late Registration,Kanye West,2005-01-01,5ll74bqtkcXlKE7wwkMq4g
118,7rd4PorIOPjPTy7qdUeeCt,119,At Last,Etta James,1960-01-01,7rd4PorIOPjPTy7qdUeeCt
119,02XyFDfvHfIwtqOC3o0PcK,120,Sweetheart of the Rodeo,The Byrds,1968-01-01,02XyFDfvHfIwtqOC3o0PcK
121,6yOnFL04Yoakrq7fr83S4V,122,The Harder They Come,Various Artists,1972-01-01,6yOnFL04Yoakrq7fr83S4V
122,7AFsTiojVaB2I58oZ1tMRg,123,Raising Hell,Run DMC,1986-01-01,7AFsTiojVaB2I58oZ1tMRg
124,0rtro45NlxC91C0fxh5ieX,125,Pearl,Janis Joplin,1971-01-01,0rtro45NlxC91C0fxh5ieX
125,39kLAVdcgW7jbMcTEaY2qy,126,Catch a Fire,The Wailers,1973-01-01,39kLAVdcgW7jbMcTEaY2qy
126,33puYJ2y5qANDenRmL8BS1,127,Younger Than Yesterday,The Byrds,1967-01-01,33puYJ2y5qANDenRmL8BS1
127,4iDsrn9R077uE520dgt4Uf,128,Raw Power,Iggy and The Stooges,1973-01-01,4iDsrn9R077uE520dgt4Uf
128,1JvXxLsm0PxlGH4LXzqMGq,129,Remain in Light,Talking Heads,1980-01-01,1JvXxLsm0PxlGH4LXzqMGq
129,630o1rKTDsLeIPreOY1jqP,130,Marquee Moon,Television,1977-01-01,630o1rKTDsLeIPreOY1jqP
130,7M00buWgnCI4mkdecN33zf,131,Paranoid,Black Sabbath,1970-01-01,7M00buWgnCI4mkdecN33zf
132,1rmhti8uHw21LnaWMQy608,133,The Wild the Innocent  the E Street Shuffle,Bruce Springsteen,1973-01-01,1rmhti8uHw21LnaWMQy608
133,1y8x2DnzgmrHoYiSVliHhf,134,Ready to Die,The Notorious BIG,1994-01-01,1y8x2DnzgmrHoYiSVliHhf
135,1WBZyULtlANBKed7Zf9cDP,136,Greatest Hits,Elton John,1974-01-01,1WBZyULtlANBKed7Zf9cDP
136,6Ad1E9vl75ZB3Ir87zwXIJ,137,Tim,The Replacements,1985-01-01,6Ad1E9vl75ZB3Ir87zwXIJ
137,2V5rhszUpCudPcb01zevOt,138,The Chronic,Dr Dre,1992-01-01,2V5rhszUpCudPcb01zevOt
138,3OoFKxuziLv3B3NxhEJwOW,139,Rejuvenation,The Meters,1974-01-01,3OoFKxuziLv3B3NxhEJwOW
139,4M6s2jbhKWEcOdXZ8WiHts,140,Parallel Lines,Blondie,1978-01-01,4M6s2jbhKWEcOdXZ8WiHts
140,7njGz7ZeDXL6cH3VnflcQ2,141,Live at the Regal,BB King,1965-01-01,7njGz7ZeDXL6cH3VnflcQ2
141,2kzkwgOFAtRsDsas5Hi0Qu,142,A Christmas Gift for You From Phil Spector,Phil Spector,1963-01-01,2kzkwgOFAtRsDsas5Hi0Qu
143,0Y7qkJVZ06tS2GUCDptzyW,144,Straight Outta Compton,NWA,1988-01-01,0Y7qkJVZ06tS2GUCDptzyW
144,1hOK2ey9W76x9GnftSRgrw,145,Aja,Steely Dan,1977-01-01,1hOK2ey9W76x9GnftSRgrw
145,6lPb7Eoon6QPbscWbMsk6a,146,Surrealistic Pillow,Jefferson Airplane,1967-01-01,6lPb7Eoon6QPbscWbMsk6a
146,5bHkK1X4WEOzNvRhehvOcb,147,Deja vu,Crosby Stills Nash  Young,1970-01-01,5bHkK1X4WEOzNvRhehvOcb
147,4hyZvmZD32NkUXUX12gxfi,148,Houses of the Holy,Led Zeppelin,1973-01-01,4hyZvmZD32NkUXUX12gxfi
148,0hfFLQzo3OwgYFFFvTQYhT,149,Santana,Santana,1969-01-01,0hfFLQzo3OwgYFFFvTQYhT
149,4KT6G8fj8EEIfsyr75hbgc,150,Darkness on the Edge of Town,Bruce Springsteen,1978-01-01,4KT6G8fj8EEIfsyr75hbgc
150,6ZB8qaR9JNuS0Q0bG1nbcH,151,Funeral,Arcade Fire,2004-01-01,6ZB8qaR9JNuS0Q0bG1nbcH
152,1p12OAWwudgMqfMzjMvl2a,153,The Low End Theory,A Tribe Called Quest,1991-01-01,1p12OAWwudgMqfMzjMvl2a
153,76MT4lqzC1oSvSYnHHjMam,154,Moanin in the Moonlight,Howlin Wolf,1958-01-01,76MT4lqzC1oSvSYnHHjMam
154,6AFFu3ilmlEDz1I9ZaNOZw,155,Pretenders,Pretenders,1980-01-01,6AFFu3ilmlEDz1I9ZaNOZw
156,0rSLgV8p5FzfnqlEk4GzxE,157,Closer,Joy Division,1980-01-01,0rSLgV8p5FzfnqlEk4GzxE
157,4UcpKa4yD9AA3iEHI8MFSF,158,Captain Fantastic and the Brown Dirt Cowboy,Elton John,1975-01-01,4UcpKa4yD9AA3iEHI8MFSF
158,0lvFKHiygKiwhKHNYPmRzn,159,Alive,KISS,1975-01-01,0lvFKHiygKiwhKHNYPmRzn
159,4Yw5uS8at8GkWmH2gZmLY0,160,Electric Warrior,T Rex,1971-01-01,4Yw5uS8at8GkWmH2gZmLY0
160,0kSkzG0sfuG4lRuFF5jWVr,161,The Dock of the Bay,Otis Redding,1968-01-01,0kSkzG0sfuG4lRuFF5jWVr
161,6dVIqQ8qmQ5GBnJ9shOYGE,162,OK Computer,Radiohead,1997-01-01,6dVIqQ8qmQ5GBnJ9shOYGE
162,5ra51AaWF3iVebyhlZ1aqq,163,1999,Prince,1982-01-01,5ra51AaWF3iVebyhlZ1aqq
165,1pK8MLyjgvt8pNVkQCBnSg,166,Imperial Bedroom,Elvis Costello  The Attractions,1982-01-01,1pK8MLyjgvt8pNVkQCBnSg
166,4NAtbhhWbugMxDvBmFBBDK,167,Master of Puppets,Metallica,1986-01-01,4NAtbhhWbugMxDvBmFBBDK
167,1aucGNKimhgARC7iO2xLt2,168,My Aim Is True,Elvis Costello,1977-01-01,1aucGNKimhgARC7iO2xLt2
168,2mBbV0Ad6B4ydHMZlzAY7S,169,Exodus,Bob Marley  The Wailers,1977-01-01,2mBbV0Ad6B4ydHMZlzAY7S
169,6RjFK0mg5bS09Mt6FYCbXd,170,Live at Leeds,The Who,1970-01-01,6RjFK0mg5bS09Mt6FYCbXd
170,5UI2X5VAmgu9xrlXDd5U7B,171,The Notorious Byrd Brothers,The Byrds,1968-01-01,5UI2X5VAmgu9xrlXDd5U7B
171,4VykjLwkyfKMZVLrJJVrYh,172,Every Picture Tells a Story,Rod Stewart,1971-01-01,4VykjLwkyfKMZVLrJJVrYh
173,1T8usYsiGEMPMQOLFgJEbE,174,Desire,Bob Dylan,1976-01-01,1T8usYsiGEMPMQOLFgJEbE
174,1CsuCA05y9r7ftG9bGGtWV,175,Close to You,Carpenters,1970-01-01,1CsuCA05y9r7ftG9bGGtWV
175,4ldiyfqRvKiIasHHuDftuP,176,Rocks,Aerosmith,1976-01-01,4ldiyfqRvKiIasHHuDftuP
176,3ZD9DzZjCHFOsHQKgs3HCF,177,One Nation Under a Groove,Funkadelic,1978-01-01,3ZD9DzZjCHFOsHQKgs3HCF
178,4E1itnJOhTMRSATNaxh0Sq,179,The Definitive Collection,ABBA,2001-01-01,4E1itnJOhTMRSATNaxh0Sq
179,592dKHbXtiglWyt8AEet23,180,The Rolling Stones Now,The Rolling Stones,1965-01-01,592dKHbXtiglWyt8AEet23
180,1d8lF3nZpEIFeEbWmAt9Ey,181,Natty Dread,Bob Marley  The Wailers,1974-01-01,1d8lF3nZpEIFeEbWmAt9Ey
181,5VIQ3VaAoRKOEpJ0fewdvo,182,Fleetwood Mac,Fleetwood Mac,1975-01-01,5VIQ3VaAoRKOEpJ0fewdvo
182,5aEtg4dxdBk4pj6SJ3hNsM,183,Red Headed Stranger,Willie Nelson,1975-01-01,5aEtg4dxdBk4pj6SJ3hNsM
183,5MzwGwnO9gkh0z6Nl4FF8h,184,The Immaculate Collection,Madonna,1990-01-01,5MzwGwnO9gkh0z6Nl4FF8h
184,0Z1Y5L90NjqUD351YUQWdA,185,The Stooges,The Stooges,1969-01-01,0Z1Y5L90NjqUD351YUQWdA
185,5eRHyCycBt78BNaa8vR4Si,186,Fresh,Sly  The Family Stone,1973-01-01,5eRHyCycBt78BNaa8vR4Si
187,7hez8jibf36E66GHpFkWz7,188,Buffalo Springfield Again,Buffalo Springfield,1967-01-01,7hez8jibf36E66GHpFkWz7
188,7d9IZA5hVMlRqkRszYt66r,189,Happy Trails,Quicksilver Messenger Service,1969-01-01,7d9IZA5hVMlRqkRszYt66r
189,3ekkFrfotMsEAKc5g71GHk,190,From Elvis in Memphis,Elvis Presley,1969-01-01,3ekkFrfotMsEAKc5g71GHk
190,1LBaX90YupG7JKOHCWi4y0,191,Fun House,The Stooges,1970-01-01,1LBaX90YupG7JKOHCWi4y0
191,6VWKy5o2OcdeWa7yolazjU,192,The Gilded Palace of Sin,The Flying Burrito Brothers,1969-01-01,6VWKy5o2OcdeWa7yolazjU
192,4uG8q3GPuWHQlRbswMIRS6,193,Dookie,Green Day,1994-01-01,4uG8q3GPuWHQlRbswMIRS6
193,5SqbMEyAt8332ISGiLX0St,194,Transformer,Lou Reed,1972-01-01,5SqbMEyAt8332ISGiLX0St
196,4Mw9Gcu1LT7JaipXdwrq1Q,197,Murmur,REM,1983-01-01,4Mw9Gcu1LT7JaipXdwrq1Q
197,2yIkYQJevVxZADVieZX1Bx,198,The Best of Little Walter,Little Walter,1967-01-01,2yIkYQJevVxZADVieZX1Bx
198,2k8KgmDp9oHrmu0MIj4XDE,199,Is This It,The Strokes,2001-01-01,2k8KgmDp9oHrmu0MIj4XDE
199,10v912xgTZbjAtYfyKWJCS,200,Highway to Hell,ACDC,1979-01-01,10v912xgTZbjAtYfyKWJCS
200,3nJnyDV8fwFpffo0EyHQto,201,The Downward Spiral,Nine Inch Nails,1994-01-01,3nJnyDV8fwFpffo0EyHQto
201,1sh32o99zA04PJIUJUpEj7,202,Parsley Sage Rosemary and Thyme,Simon  Garfunkel,1966-01-01,1sh32o99zA04PJIUJUpEj7
203,2hq3mwvkJDvCziOfSOTrh6,204,Modern Times,Bob Dylan,2006-01-01,2hq3mwvkJDvCziOfSOTrh6
204,0zrtTZC7yY2TOEhnbJzSb9,205,Wheels of Fire,Cream,1968-01-01,0zrtTZC7yY2TOEhnbJzSb9
205,1BcbvGZ9kYAHCi1hyQSaZ1,206,Dirty Mind,Prince,1980-01-01,1BcbvGZ9kYAHCi1hyQSaZ1
206,1CHUXwuge9A7L2KiA3vnR6,207,Abraxas,Santana,1970-01-01,1CHUXwuge9A7L2KiA3vnR6
208,5B4PYA7wNN4WdEXdIJu58a,209,Ten,Pearl Jam,1991-01-01,5B4PYA7wNN4WdEXdIJu58a
209,7ItjF9gASIUGBdr8i8YEWC,210,Everybody Knows This Is Nowhere,Neil Young  Crazy Horse,1969-01-01,7ItjF9gASIUGBdr8i8YEWC
210,0bCAjiUamIFqKJsekOYuRw,211,Wish You Were Here,Pink Floyd,1975-01-01,0bCAjiUamIFqKJsekOYuRw
212,0yTaOPkfNqatnSwaLby8U6,213,Tattoo You,The Rolling Stones,1981-01-01,0yTaOPkfNqatnSwaLby8U6
214,2xbTV0Awe4Qm5caUVuPbMr,215,New York Dolls,New York Dolls,1973-01-01,2xbTV0Awe4Qm5caUVuPbMr
216,5EHs7DTqLFlYgbH9kahIp7,217,Two Steps From the Blues,Bobby Blue Bland,1961-01-01,5EHs7DTqLFlYgbH9kahIp7
217,5Y0p2XCgRRIjna91aQE8q7,218,The Queen Is Dead,The Smiths,1986-01-01,5Y0p2XCgRRIjna91aQE8q7
218,11oR0ZuqB3ucZwb5TGbZxb,219,Licensed to Ill,Beastie Boys,1986-01-01,11oR0ZuqB3ucZwb5TGbZxb
219,6mGpQtwteyjKS4Up9tXuND,220,LookKa Py Py,The Meters,1970-01-01,6mGpQtwteyjKS4Up9tXuND
220,3GH4IiI6jQAIvnHVdb5FB6,221,Loveless,My Bloody Valentine,1991-01-01,3GH4IiI6jQAIvnHVdb5FB6
222,5UthVBNdNdHyqHmSKUlegX,223,War,U2,1983-01-01,5UthVBNdNdHyqHmSKUlegX
224,5dN7F9DV0Qg1XRdIgW8rke,225,American Idiot,Green Day,2004-01-01,5dN7F9DV0Qg1XRdIgW8rke
225,6yskFQZNlLYhkchAxELHi6,226,Nebraska,Bruce Springsteen,1982-01-01,6yskFQZNlLYhkchAxELHi6
226,0DQyTVcDhK9wm0f6RaErWO,227,Doolittle,Pixies,1989-01-01,0DQyTVcDhK9wm0f6RaErWO
227,3miZDfDnP7SmOXAJXWdFmz,228,Paid in Full,Eric B  Rakim,1987-01-01,3miZDfDnP7SmOXAJXWdFmz
228,6As5aOEQjfxLIChIB3fQRD,229,Toys in the Attic,Aerosmith,1975-01-01,6As5aOEQjfxLIChIB3fQRD
229,6wxpS5o0ty5CLqyH5fIRln,230,Nick of Time,Bonnie Raitt,1989-01-01,6wxpS5o0ty5CLqyH5fIRln
230,7HVoV2lgVsmuiHsjbbUJB4,231,A Night at the Opera,Queen,1975-01-01,7HVoV2lgVsmuiHsjbbUJB4
231,5lWh5YPOOuvdlSn5hLDn02,232,The Kink Kronikles,The Kinks,1972-01-01,5lWh5YPOOuvdlSn5hLDn02
232,0pkrqPjeq9K5KD0hFqAKNa,233,Mr Tambourine Man,The Byrds,1965-01-01,0pkrqPjeq9K5KD0hFqAKNa
233,3bzgbgiytguTDnwzflAZr2,234,Bookends,Simon  Garfunkel,1968-01-01,3bzgbgiytguTDnwzflAZr2
234,6TcPqftScGmR0aEgIb43Vv,235,The Ultimate Collection,Patsy Cline,2000-01-01,6TcPqftScGmR0aEgIb43Vv
236,083eJvBMfEHIfzgrFQ5DLb,237,My Generation,The Who,1965-01-01,083eJvBMfEHIfzgrFQ5DLb
237,26TtzBrPdUkHMSTPSbctbl,238,Howlin Wolf,Howlin Wolf,1962-01-01,26TtzBrPdUkHMSTPSbctbl
238,48AGkmM7iO4jrELRnNZGPV,239,Like a Prayer,Madonna,1989-01-01,48AGkmM7iO4jrELRnNZGPV
239,6DlSUW5gmq6Byc3osKDJ2p,240,Cant Buy a Thrill,Steely Dan,1972-01-01,6DlSUW5gmq6Byc3osKDJ2p
240,3NhuL85OfdMjl3hDRt4qpc,241,Let It Be,The Replacements,1984-01-01,3NhuL85OfdMjl3hDRt4qpc
242,7rntOZg7lWmAZUpQJM9aRT,243,Black Sabbath,Black Sabbath,1970-01-01,7rntOZg7lWmAZUpQJM9aRT
243,6t7956yu5zYf5A829XRiHC,244,The Marshall Mathers LP,Eminem,2000-01-01,6t7956yu5zYf5A829XRiHC
245,14XskGyGbsFkXyX7Tb5zFd,246,Freak Out,The Mothers of Invention,1966-01-01,14XskGyGbsFkXyX7Tb5zFd
247,2iPH3iUmpa9ufIpwY76keF,248,The Shape of Jazz to Come,Ornette Coleman,1959-01-01,2iPH3iUmpa9ufIpwY76keF
248,0BiNb8HYR4JvuxUa31Z58Q,249,Automatic for the People,REM,1992-01-01,0BiNb8HYR4JvuxUa31Z58Q
249,3YPK0bNOuayhmSrs0sIIBR,250,Reasonable Doubt,Jay Z,1996-01-01,3YPK0bNOuayhmSrs0sIIBR
250,0igSzREsPxNFQJrFhhsl0j,251,Low,David Bowie,1977-01-01,0igSzREsPxNFQJrFhhsl0j
251,54I5tDCMjnNVWSENHg8EDH,252,The Blueprint,Jay Z,2001-01-01,54I5tDCMjnNVWSENHg8EDH
252,6YNIEeDWqC09YIWzhoSVLg,253,The River,Bruce Springsteen,1980-01-01,6YNIEeDWqC09YIWzhoSVLg
253,25uNcuL4dAoV62eKmr8Q0Y,254,Complete  Unbelievable The Otis Redding Dictionary of Soul,Otis Redding,1966-01-01,25uNcuL4dAoV62eKmr8Q0Y
256,2MH37enG6IPvNK5QFLyKes,257,Whitney Houston,Whitney Houston,1985-01-01,2MH37enG6IPvNK5QFLyKes
257,6o0u4pbxrUai7aPkizuzCp,258,The Kinks Are The Village Green Preservation Society,The Kinks,1968-01-01,6o0u4pbxrUai7aPkizuzCp
258,1uFp52Q9EXLNA6DTRYnpTj,259,The Velvet Rope,Janet,1997-01-01,1uFp52Q9EXLNA6DTRYnpTj
259,38uGoW7jS8jjJMvZA26sRq,260,Stardust,Willie Nelson,1978-01-01,38uGoW7jS8jjJMvZA26sRq
260,7rqgm1BnAZ8I4d6hukpkdg,261,American Beauty,Grateful Dead,1970-01-01,7rqgm1BnAZ8I4d6hukpkdg
261,6vUWpE8qciYHOhf7mgaGny,262,Crosby Stills  Nash,Crosby Stills  Nash,1969-01-01,6vUWpE8qciYHOhf7mgaGny
262,6hmmX5UP4rIvOpGSaPerV8,263,Tracy Chapman,Tracy Chapman,1988-01-01,6hmmX5UP4rIvOpGSaPerV8
264,4GFWnwli2cVOBp2G1zqhV1,265,The Genius of Ray Charles,Ray Charles,1959-01-01,4GFWnwli2cVOBp2G1zqhV1
265,0OhNZ7R4dOqtDPLGp0jBAZ,266,Child Is Father to the Man,Blood Sweat  Tears,1968-01-01,0OhNZ7R4dOqtDPLGp0jBAZ
266,3VL1GLo7tMCR1MCnkHitCt,267,Quadrophenia,The Who,1973-01-01,3VL1GLo7tMCR1MCnkHitCt
267,7npBPiCHjPj8PVIGPuHXep,268,Paul Simon,Paul Simon,1972-01-01,7npBPiCHjPj8PVIGPuHXep
268,0PnzJO3D4i85ALVJPaDpru,269,Psychocandy,The Jesus and Mary Chain,1985-01-01,0PnzJO3D4i85ALVJPaDpru
269,1Jv2AqzhgsduUik2p4k3cS,270,Some Girls,The Rolling Stones,1978-01-01,1Jv2AqzhgsduUik2p4k3cS
271,4w7Iat0odh3eiDerHJ6spx,272,Dig Me Out,Sleater Kinney,1997-01-01,4w7Iat0odh3eiDerHJ6spx
272,2NT1Pc0MXlXORHLBkHyKQW,273,Going to a GoGo,Smokey Robinson  The Miracles,1966-01-01,2NT1Pc0MXlXORHLBkHyKQW
273,5Zx4eUC5dTg6aufiSLQ6uo,274,Nightbirds,LaBelle,1974-01-01,5Zx4eUC5dTg6aufiSLQ6uo
274,0vE6mttRTBXRe9rKghyr1l,275,The Slim Shady LP,Eminem,1999-01-01,0vE6mttRTBXRe9rKghyr1l
275,4q1HNSka8CzuLvC8ydcsD2,276,Mothership Connection,Parliament,1975-01-01,4q1HNSka8CzuLvC8ydcsD2
276,4OD3LU6001esAtFshDX46M,277,Rhythm Nation 1814,Janet Jackson,1989-01-01,4OD3LU6001esAtFshDX46M
279,7gskILm9UyDvFlmmAoqn2g,280,All That You Cant Leave Behind,U2,2000-01-01,7gskILm9UyDvFlmmAoqn2g
280,1OQ5l5rHKqUumPpn559zJC,281,My Life,Mary J Blige,1994-01-01,1OQ5l5rHKqUumPpn559zJC
281,3rUfs8unIEpyONLWdh5Bdq,282,Folk Singer,Muddy Waters,1964-01-01,3rUfs8unIEpyONLWdh5Bdq
282,5FK3U7Ejyz82qsrGPaAxnr,283,Cant Get Enough,Barry White,1974-01-01,5FK3U7Ejyz82qsrGPaAxnr
283,4tJPWT4r4FSKwy784Qs1Fq,284,The Cars,The Cars,1978-01-01,4tJPWT4r4FSKwy784Qs1Fq
284,7n0bcoRDylRw5PUKn2PlRJ,285,Music of My Mind,Stevie Wonder,1972-01-01,7n0bcoRDylRw5PUKn2PlRJ
286,1qs5rB2gsrAWDLrUlyjFUD,287,Los Angeles,X,1980-01-01,1qs5rB2gsrAWDLrUlyjFUD
287,4ZaIo647CyWAgow8oxqajh,288,Anthem of the Sun,Grateful Dead,1968-01-01,4ZaIo647CyWAgow8oxqajh
289,18fOLsMG8Msf1DEaW0E71K,290,Call Me,Al Green,1973-01-01,18fOLsMG8Msf1DEaW0E71K
291,6BOlD6UGUg45IsUXPSplkY,292,The Basement Tapes,Bob Dylan and the Band,1975-01-01,6BOlD6UGUg45IsUXPSplkY
292,6N5EPz9nO2qeJ8uCN3X9Z7,293,White LightWhite Heat,The Velvet Underground,1968-01-01,6N5EPz9nO2qeJ8uCN3X9Z7
293,4Cru5Cer4lljBfNmCz7Ikj,294,Kick Out the Jams,MC5,1969-01-01,4Cru5Cer4lljBfNmCz7Ikj
294,2Om4oR7plGGub1aYe5uB7B,295,Songs of Love and Hate,Leonard Cohen,1970-01-01,2Om4oR7plGGub1aYe5uB7B
295,5DM1qCdgGt2zbknnsVn1Ca,296,Meat Is Murder,The Smiths,1985-01-01,5DM1qCdgGt2zbknnsVn1Ca
297,4Uv86qWpGTxf7fU7lG5X6F,298,The College Dropout,Kanye West,2003-01-01,4Uv86qWpGTxf7fU7lG5X6F
299,3zwWjMpVEhD9y1MW5SMfsF,300,Master of Reality,Black Sabbath,1971-01-01,3zwWjMpVEhD9y1MW5SMfsF
300,44dncCBiOODhAa9L0UCvoE,301,Coat of Many Colors,Dolly Parton,1971-01-01,44dncCBiOODhAa9L0UCvoE
301,0aFNb4RDk2hmKKLa0bzXNz,302,Fear of a Black Planet,Public Enemy,1990-01-01,0aFNb4RDk2hmKKLa0bzXNz
302,2KzCDxKpgLqBffHu1IZ7Kn,303,John Wesley Harding,Bob Dylan,1967-01-01,2KzCDxKpgLqBffHu1IZ7Kn
303,7yQtjAjhtNi76KRu05XWFS,304,Grace,Jeff Buckley,1994-01-01,7yQtjAjhtNi76KRu05XWFS
304,3iC6dJobZulVXp0F4Bojig,305,Car Wheels on a Gravel Road,Lucinda Williams,1998-01-01,3iC6dJobZulVXp0F4Bojig
305,1Pus5h1qGedCn4CtOuPVtp,306,Odelay,Beck,1996-01-01,1Pus5h1qGedCn4CtOuPVtp
306,5fgB4uomOY2zDA5USRAOcd,307,A Hard Days Night,The Beatles,1964-01-01,5fgB4uomOY2zDA5USRAOcd
308,5hW8vgOySUKEglHdGmNALK,309,Willy and the Poor Boys,Creedence Clearwater Revival,1969-01-01,5hW8vgOySUKEglHdGmNALK
309,1DCI2yWmV4UI7Aga71yx9B,310,Blood Sugar Sex Magik,Red Hot Chili Peppers,1991-01-01,1DCI2yWmV4UI7Aga71yx9B
311,4DVBJPJyizvHfJQt5pYaCa,312,Nothings Shocking,Janes Addiction,1988-01-01,4DVBJPJyizvHfJQt5pYaCa
312,1To7kv722A8SpZF789MZy7,313,MTV Unplugged in New York,Nirvana,1994-01-01,1To7kv722A8SpZF789MZy7
313,1BZoqf8Zje5nGdwZhOjAtD,314,The Miseducation of Lauryn Hill,Lauryn Hill,1998-01-01,1BZoqf8Zje5nGdwZhOjAtD
314,54HN1YJ7wOAKxekOnOjW26,315,Damn the Torpedoes,Tom Petty and the Heartbreakers,1979-01-01,54HN1YJ7wOAKxekOnOjW26
316,50j4Wm1b9hLpSpPIA39Vp9,317,Surfer Rosa,Pixies,1988-01-01,50j4Wm1b9hLpSpPIA39Vp9
317,09jTPeDoSuJLLAwFGNUKCX,318,Back Stabbers,The OJays,1972-01-01,09jTPeDoSuJLLAwFGNUKCX
318,3H0HdocoAAEEfiDfcRZauz,319,Burnin,The Wailers,1973-01-01,3H0HdocoAAEEfiDfcRZauz
319,1HrMmB5useeZ0F5lHrMvl0,320,Amnesiac,Radiohead,2001-01-01,1HrMmB5useeZ0F5lHrMvl0
320,5mwOo1zikswhmfHvtqVSXg,321,Pink Moon,Nick Drake,1972-01-01,5mwOo1zikswhmfHvtqVSXg
321,6JFD9WU1ZSYZOJlDpRtZ71,322,Sail Away,Randy Newman,1972-01-01,6JFD9WU1ZSYZOJlDpRtZ71
322,2XzDAFEkcrbYuje6z9gzOS,323,Ghost in the Machine,The Police,1981-01-01,2XzDAFEkcrbYuje6z9gzOS
323,4i4CnRdz95AcmWxn2qnRFX,324,Station to Station,David Bowie,1976-01-01,4i4CnRdz95AcmWxn2qnRFX
324,6tzwnI360OXJyQRskrGHid,325,Slowhand,Eric Clapton,1977-01-01,6tzwnI360OXJyQRskrGHid
325,7pj6qNEFHqIQXPY0beEMTQ,326,Disintegration,The Cure,1989-01-01,7pj6qNEFHqIQXPY0beEMTQ
327,1nVJ2rNgl9Ow6f04woiRgE,328,Daydream Nation,Sonic Youth,1988-01-01,1nVJ2rNgl9Ow6f04woiRgE
328,4IxN6AdKM6psncLNIwLWUs,329,In the Jungle Groove,James Brown,1986-01-01,4IxN6AdKM6psncLNIwLWUs
330,6GH2Oi7zWgZsVKLz9IRLH6,331,Help,The Beatles,1965-01-01,6GH2Oi7zWgZsVKLz9IRLH6
331,4xX94uM6Kf972DJurGKnbb,332,Shoot Out the Lights,Richard  Linda Thompson,1982-01-01,4xX94uM6Kf972DJurGKnbb
332,2ECSVdWu5RCvYqIRGA0pyR,333,Wild Gift,X,1981-01-01,2ECSVdWu5RCvYqIRGA0pyR
334,7kAAKJZDimkoSQbs5OciZN,335,Superunknown,Soundgarden,1994-01-01,7kAAKJZDimkoSQbs5OciZN
335,5vkqYmiPBYLaalcmjujWxK,336,In Rainbows,Radiohead,2007-01-01,5vkqYmiPBYLaalcmjujWxK
336,4ABoepBMa9pG5ZRqWicwgW,337,Aqualung,Jethro Tull,1971-01-01,4ABoepBMa9pG5ZRqWicwgW
337,2rogKfOpmCFuqNhtGKf2dX,338,Cheap Thrills,Big Brother  the Holding Company,1968-01-01,2rogKfOpmCFuqNhtGKf2dX
339,34aFnrFRBlErcbU6moRZR3,340,Damaged,Black Flag,1981-01-01,34aFnrFRBlErcbU6moRZR3
340,4rvldOPGXisTvIYXwbFNix,341,Play,Moby,1999-01-01,4rvldOPGXisTvIYXwbFNix
341,6ZotrlD9ZSBFiiYeZ1YSZP,342,Violator,Depeche Mode,1990-01-01,6ZotrlD9ZSBFiiYeZ1YSZP
342,6mvI80w5r78niBmwtu7RF9,343,Bat Out of Hell,Meat Loaf,1977-01-01,6mvI80w5r78niBmwtu7RF9
343,07YXxZ7RYDcwZ15HfahV8i,344,Berlin,Lou Reed,1973-01-01,07YXxZ7RYDcwZ15HfahV8i
344,5TqFf25nbtXba9iS3Uat7K,345,Stop Making Sense,Talking Heads,1984-01-01,5TqFf25nbtXba9iS3Uat7K
345,34LxHI9x14qXUOS8AWRrYD,346,3 Feet High and Rising,De La Soul,1989-01-01,34LxHI9x14qXUOS8AWRrYD
346,2Se4ZylF9NkFGD92yv1aZC,347,The Piper at the Gates of Dawn,Pink Floyd,1967-01-01,2Se4ZylF9NkFGD92yv1aZC
347,7gTcPv1bE0THbjuvDbK1gq,348,Muddy Waters at Newport 1960,Muddy Waters,1960-01-01,7gTcPv1bE0THbjuvDbK1gq
348,4FWvo9oS4gRgHtAwDwUjiO,349,The Black Album,Jay Z,2003-01-01,4FWvo9oS4gRgHtAwDwUjiO
349,3s6wTRMDispMa4gCd26FPc,350,Roger the Engineer,The Yardbirds,1966-01-01,3s6wTRMDispMa4gCd26FPc
350,3RKaB7xdcq9rMMYNvd2Cs3,351,Rust Never Sleeps,Neil Young  Crazy Horse,1979-01-01,3RKaB7xdcq9rMMYNvd2Cs3
351,7jvcSnCnugLcisBCNBm60s,352,Brothers in Arms,Dire Straits,1985-01-01,7jvcSnCnugLcisBCNBm60s
352,20r762YmB5HeofjMCiPMLv,353,My Beautiful Dark Twisted Fantasy,Kanye West,2010-01-01,20r762YmB5HeofjMCiPMLv
353,1HmCO8VK98AU6EXPOjGYyI,354,52nd Street,Billy Joel,1978-01-01,1HmCO8VK98AU6EXPOjGYyI
355,0wK1Qr64JdEH53eQyhad6v,356,12 Songs,Randy Newman,1970-01-01,0wK1Qr64JdEH53eQyhad6v
356,36BIYdP4WtviD9Ngqc4SK5,357,Between the Buttons,The Rolling Stones,1967-01-01,36BIYdP4WtviD9Ngqc4SK5
357,2xyhltm9XWSQ5xok4C81BD,358,Sketches of Spain,Miles Davis,1960-01-01,2xyhltm9XWSQ5xok4C81BD
359,6TxgQwGrbG3XZLNPOEhg7E,360,Singles Going Steady,Buzzcocks,1979-01-01,6TxgQwGrbG3XZLNPOEhg7E
360,2tm3Ht61kqqRZtIYsBjxEj,361,Stankonia,OutKast,2000-01-01,2tm3Ht61kqqRZtIYsBjxEj
361,0ru8LiiyWfkrHIqh0nSUTA,362,Siamese Dream,The Smashing Pumpkins,1993-01-01,0ru8LiiyWfkrHIqh0nSUTA
363,7IKUTIc9UWuVngyGPtqNHS,364,LA Woman,The Doors,1971-01-01,7IKUTIc9UWuVngyGPtqNHS
364,4LaRYkT4oy47wEuQgkLBul,365,Rage Against the Machine,Rage Against the Machine,1992-01-01,4LaRYkT4oy47wEuQgkLBul
365,19rYWxZfMdEOxTDODFjLyb,366,American Recordings,Johnny Cash,1994-01-01,19rYWxZfMdEOxTDODFjLyb
366,6cuNyrSmRjBeekioLdLkvI,367,Ray of Light,Madonna,1998-01-01,6cuNyrSmRjBeekioLdLkvI
367,2nDXZzdlRdOJy6wb8qWViK,368,Eagles,Eagles,1972-01-01,2nDXZzdlRdOJy6wb8qWViK
368,45StnugV9WQMQwk4rRoTy8,369,Louder Than Bombs,The Smiths,1987-01-01,45StnugV9WQMQwk4rRoTy8
370,50Zz8CkIhATKUlQMbHO3k1,371,Whatever People Say I Am Thats What Im Not,Arctic Monkeys,2006-01-01,50Zz8CkIhATKUlQMbHO3k1
372,5SxBU3zQaLOq5eapsG3jFQ,373,Volunteers,Jefferson Airplane,1969-01-01,5SxBU3zQaLOq5eapsG3jFQ
373,4VVcfdD0w5pUHN96udQQsi,374,Siren,Roxy Music,1975-01-01,4VVcfdD0w5pUHN96udQQsi
374,53brw1z0TV0POlTGG1IMZp,375,Late for the Sky,Jackson Browne,1974-01-01,53brw1z0TV0POlTGG1IMZp
375,2Ul7B1LEHxXzYubtkTMENs,376,Post,Bjork,1995-01-01,2Ul7B1LEHxXzYubtkTMENs
377,2u30gztZTylY4RG7IvfXs8,378,Whats the Story Morning Glory,Oasis,1995-01-01,2u30gztZTylY4RG7IvfXs8
378,5eg56dCpFn32neJak2vk0f,379,CrazySexyCool,TLC,1994-01-01,5eg56dCpFn32neJak2vk0f
379,7a341nZsSfwyBsq1tMPETz,380,Funky Kingston,Toots  The Maytals,1973-01-01,7a341nZsSfwyBsq1tMPETz
380,5SKIMMI6ilJTGOLd69Q9aM,381,The Smile Sessions,The Beach Boys,2011-01-01,5SKIMMI6ilJTGOLd69Q9aM
382,39jsLMRmrTpfdq2vE4TCUe,383,More Songs About Buildings and Food,Talking Heads,1978-01-01,39jsLMRmrTpfdq2vE4TCUe
383,3DNPddXQQ3VfK3DOjYNzCZ,384,A Quick One,The Who,1966-01-01,3DNPddXQQ3VfK3DOjYNzCZ
385,4XfN871nBIz6obaUDEzZXm,386,Pretzel Logic,Steely Dan,1974-01-01,4XfN871nBIz6obaUDEzZXm
387,7rCeBvmSSKOc36ktul1zfv,388,The Indestructible Beat of Soweto,Various Artists,1985-01-01,7rCeBvmSSKOc36ktul1zfv
388,12lDqJuZIqMk6DNe1fInFl,389,The End of the Innocence,Don Henley,1989-01-01,12lDqJuZIqMk6DNe1fInFl
389,6D9urpsOWWKtYvF6PaorGE,390,Elephant,The White Stripes,2003-01-01,6D9urpsOWWKtYvF6PaorGE
390,1AqUcQKtf2AQ6rFRKIBei8,391,The Pretender,Jackson Browne,1976-01-01,1AqUcQKtf2AQ6rFRKIBei8
391,3NhuL85OfdMjl3hDRt4qpc,392,Let It Be,The Beatles,1970-01-01,3NhuL85OfdMjl3hDRt4qpc
392,2xoj2gYed3IYmGWn3owSfu,393,Kala,MIA,2007-01-01,2xoj2gYed3IYmGWn3owSfu
393,4UY90kcO4N9ZPBl4xPLvvU,394,Good Old Boys,Randy Newman,1974-01-01,4UY90kcO4N9ZPBl4xPLvvU
394,1R8kkopLT4IAxzMMkjic6X,395,Sound of Silver,LCD Soundsystem,2007-01-01,1R8kkopLT4IAxzMMkjic6X
395,0rHJ7WovNY23g8QRKHCUMw,396,For Your Pleasure,Roxy Music,1973-01-01,0rHJ7WovNY23g8QRKHCUMw
396,5KKKeDB28viWm7uoDdRrgR,397,Blue Lines,Massive Attack,1991-01-01,5KKKeDB28viWm7uoDdRrgR
397,5LMGAYhn2ywaxGZdtmXGpw,398,Eliminator,ZZ Top,1983-01-01,5LMGAYhn2ywaxGZdtmXGpw
398,0yEtf1zE344dTflQAEi6bq,399,Rain Dogs,Tom Waits,1985-01-01,0yEtf1zE344dTflQAEi6bq
400,0fLhefnjlIV3pGNF9Wo8CD,401,Californication,Red Hot Chili Peppers,1999-01-01,0fLhefnjlIV3pGNF9Wo8CD
401,3kEtdS2pH6hKcMU9Wioob1,402,Illmatic,Nas,1994-01-01,3kEtdS2pH6hKcMU9Wioob1
403,15jDv2HgLoilWgd4KWaLQn,404,Dr Johns Gumbo,Dr John,1972-01-01,15jDv2HgLoilWgd4KWaLQn
404,3mtVgumHx6y9I2UvW4lUd5,405,Radio City,Big Star,1974-01-01,3mtVgumHx6y9I2UvW4lUd5
405,2fDJpBJhtloxzUENHlU9JB,406,Rid of Me,PJ Harvey,1993-01-01,2fDJpBJhtloxzUENHlU9JB
407,0fV9DAddjwNZcmCP1Q8b01,408,I Do Not Want What I Havent Got,Sinead OConnor,1989-01-01,0fV9DAddjwNZcmCP1Q8b01
408,6v5IVMmY1IvWtbfnQoiFSf,409,Strange Days,The Doors,1967-01-01,6v5IVMmY1IvWtbfnQoiFSf
409,185DHT5SvszXRrezx3lOjt,410,Time Out of Mind,Bob Dylan,1997-01-01,185DHT5SvszXRrezx3lOjt
410,73cxqemPE6sVoCkwRuPU6E,411,461 Ocean Boulevard,Eric Clapton,1974-01-01,73cxqemPE6sVoCkwRuPU6E
411,01G6d8qmOwIImZDl7bctck,412,Pink Flag,Wire,1977-01-01,01G6d8qmOwIImZDl7bctck
412,5viZ5HyYtV0wafK7DoXmgF,413,Double Nickels on the Dime,Minutemen,1984-01-01,5viZ5HyYtV0wafK7DoXmgF
413,1L4HE00En7eNK74voVZums,414,Beauty and the Beat,The Go Gos,1981-01-01,1L4HE00En7eNK74voVZums
414,5czAsxlijMjUM4cr9HjDLU,415,Van Halen,Van Halen,1978-01-01,5czAsxlijMjUM4cr9HjDLU
417,0C3KlTQIgU6CcyoNji3XUg,418,Band on the Run,Paul McCartney  Wings,1973-01-01,0C3KlTQIgU6CcyoNji3XUg
418,3539EbNgIdEDGBKkUf4wno,419,Dummy,Portishead,1994-01-01,3539EbNgIdEDGBKkUf4wno
421,0CoNLgOwcZGBUSwd9fAZuy,422,Presenting the Fabulous Ronettes Featuring Veronica,The Ronettes,1963-01-01,0CoNLgOwcZGBUSwd9fAZuy
422,3eI6PUZit1cF2ty6l7sXjI,423,Anthology,Diana Ross  The Supremes,2001-01-01,3eI6PUZit1cF2ty6l7sXjI
423,23vzCh5cDn0LzdGmGWrT1d,424,The Rising,Bruce Springsteen,2002-01-01,23vzCh5cDn0LzdGmGWrT1d
424,6UQujMGmR5MbFsML9amCuN,425,Grievous Angel,Gram Parsons,1974-01-01,6UQujMGmR5MbFsML9amCuN
426,2d5mKkSWO8rz96HFrdLPZ9,427,Sleepless,Peter Wolf,2002-01-01,2d5mKkSWO8rz96HFrdLPZ9
428,6uoeezh45SYEb8lcT8gDTY,429,Another Green World,Brian Eno,1975-01-01,6uoeezh45SYEb8lcT8gDTY
429,7n8NJkGKAl2np1bXiRn0CY,430,Vampire Weekend,Vampire Weekend,2007-01-01,7n8NJkGKAl2np1bXiRn0CY
430,0hBWhJEmVyNPG2Jq71CJXz,431,Stories From the City Stories From the Sea,PJ Harvey,2000-01-01,0hBWhJEmVyNPG2Jq71CJXz
431,74jn28Kr29iyh8eZXSvnwi,432,Here Come the Warm Jets,Brian Eno,1973-01-01,74jn28Kr29iyh8eZXSvnwi
432,3YfIqI6i6Zx5rLsZIO7kmY,433,All Things Must Pass,George Harrison,1970-01-01,3YfIqI6i6Zx5rLsZIO7kmY
434,7wOOA7l306K8HfBKfPoafr,435,In Utero,Nirvana,1993-01-01,7wOOA7l306K8HfBKfPoafr
435,5ieP11rJQvuYz0Ov3k03cy,436,Sea Change,Beck,2002-01-01,5ieP11rJQvuYz0Ov3k03cy
436,5BGzOpea6At0Nd7tYtYZOP,437,Tha Carter III,Lil Wayne,2008-01-01,5BGzOpea6At0Nd7tYtYZOP
437,5ZO41aiZvwUanT9qKPcriR,438,Boys Dont Cry,The Cure,1979-01-01,5ZO41aiZvwUanT9qKPcriR
439,5uy9pvgfvVAlZnegK6fPLU,440,Rum Sodomy  the Lash,The Pogues,1985-01-01,5uy9pvgfvVAlZnegK6fPLU
440,0EIQdSr5fqyTAiz5KfAaea,441,Suicide,Suicide,1977-01-01,0EIQdSr5fqyTAiz5KfAaea
441,1u2Qni8cVRptDTaA00fmBC,442,Q Are We Not Men A We Are Devo,DEVO,1978-01-01,1u2Qni8cVRptDTaA00fmBC
442,2sXJQdHykPYcRQ7xFhwzMR,443,In Color,Cheap Trick,1977-01-01,2sXJQdHykPYcRQ7xFhwzMR
443,4UZmpGH8kpAgyZ2yqQ8sP9,444,The World Is a Ghetto,War,1972-01-01,4UZmpGH8kpAgyZ2yqQ8sP9
444,0fjJOLqG3v7vXRYhz2wxPC,445,Fly Like an Eagle,Steve Miller Band,1976-01-01,0fjJOLqG3v7vXRYhz2wxPC
445,67NkpPGMcxoIiumOW3oRpL,446,Back in the USA,MC5,1970-01-01,67NkpPGMcxoIiumOW3oRpL
446,3lqtgKBuOEP6IcYq2qpoEb,447,Getz  Gilberto,Stan Getz√√Joao Gilberto√featuring√Antonio Carlos Jobim,1964-01-01,3lqtgKBuOEP6IcYq2qpoEb
447,3K5o4pXNsxdxW8MEn2jtel,448,Synchronicity,The Police,1983-01-01,3K5o4pXNsxdxW8MEn2jtel
449,12X80pgkHSjMDgAAS0HBdr,450,For Everyman,Jackson Browne,1973-01-01,12X80pgkHSjMDgAAS0HBdr
450,097eYvf9NKjFnv4xA9s2oV,451,Back to Black,Amy Winehouse,2006-01-01,097eYvf9NKjFnv4xA9s2oV
451,5t4FHrIAHI8nolSAOBRgPp,452,John Prine,John Prine,1971-01-01,5t4FHrIAHI8nolSAOBRgPp
452,2HOl8gDiGGpt7wsIDi9jy5,453,Strictly Business,EPMD,1987-01-01,2HOl8gDiGGpt7wsIDi9jy5
453,6p7jHbG5Bd6z2JgfKx0um7,454,Love It to Death,Alice Cooper,1971-01-01,6p7jHbG5Bd6z2JgfKx0um7
454,5dl01XDIMXrmjJ22obqfhQ,455,How Will the Wolf Survive,Los Lobos,1984-01-01,5dl01XDIMXrmjJ22obqfhQ
455,1iVf41qWHZsAk9DwY43WnV,456,Here My Dear,Marvin Gaye,1978-01-01,1iVf41qWHZsAk9DwY43WnV
456,2qCyMMQ785sPH4Yx25GQZ8,457,Z,My Morning Jacket,2005-01-01,2qCyMMQ785sPH4Yx25GQZ8
457,03zfU3IwWmymKoaWnwFNaY,458,Tumbleweed Connection,Elton John,1970-01-01,03zfU3IwWmymKoaWnwFNaY
459,2Rwf2nPYZQ9aIe4QXACTC7,460,Live Through This,Hole,1994-01-01,2Rwf2nPYZQ9aIe4QXACTC7
460,7zO7Q72nwUjjKkW2glCXbq,461,Metal Box,Public Image Ltd,1979-01-01,7zO7Q72nwUjjKkW2glCXbq
462,29rkfL25uKOkVOhyr1CmXJ,463,Heaven Up Here,Echo and The Bunnymen,1981-01-01,29rkfL25uKOkVOhyr1CmXJ
463,1ja2qzCrh6bZykcojbZs82,464,Hysteria,Def Leppard,1987-01-01,1ja2qzCrh6bZykcojbZs82
464,2GuROKcqyHdpIDcgxml1C7,465,69 Love Songs,The Magnetic Fields,1999-01-01,2GuROKcqyHdpIDcgxml1C7
465,0RHX9XECH8IVI3LNgWDpmQ,466,A Rush of Blood to the Head,Coldplay,2002-01-01,0RHX9XECH8IVI3LNgWDpmQ
466,5Qcef60m4gcckV24PmPYVq,467,Tunnel of Love,Bruce Springsteen,1987-01-01,5Qcef60m4gcckV24PmPYVq
467,785WNIAl2zC3OZ6XHjFaIG,468,The Paul Butterfield Blues Band,The Paul Butterfield Blues Band,1965-01-01,785WNIAl2zC3OZ6XHjFaIG
468,4z6F5s3RVaOsekuaegbLfD,469,The Score,Fugees,1996-01-01,4z6F5s3RVaOsekuaegbLfD
470,1K1Qdd60pW48wEgWGQLeRt,471,I Want to See the Bright Lights Tonight,Richard  Linda Thompson,1974-01-01,1K1Qdd60pW48wEgWGQLeRt
471,2MlT9dGKoGH2hsfcz7UUXL,472,Faith,George Michael,1987-01-01,2MlT9dGKoGH2hsfcz7UUXL
472,6cI1XoZsOhkyrCwtuI70CN,473,The Smiths,The Smiths,1984-01-01,6cI1XoZsOhkyrCwtuI70CN
474,0SCCyytpH3s6u1DSDEZbmN,475,Armed Forces,Elvis Costello  The Attractions,1979-01-01,0SCCyytpH3s6u1DSDEZbmN
475,1WImPglJycAdHQ79c8yRH8,476,Life After Death,The Notorious BIG,1997-01-01,1WImPglJycAdHQ79c8yRH8
476,4XtyzFCp2tAOynVSQLZMOf,477,Down Every Road,Merle Haggard,1996-01-01,4XtyzFCp2tAOynVSQLZMOf
477,6DLnBf2xooYa5UniuggpnD,478,All Time Greatest Hits,Loretta Lynn,2002-01-01,6DLnBf2xooYa5UniuggpnD
478,3ywVzrwMQ3Kq43N9zBdBQm,479,Maggot Brain,Funkadelic,1971-01-01,3ywVzrwMQ3Kq43N9zBdBQm
480,2lO9yuuIDgBpSJzxTh3ai8,481,Voodoo,DAngelo,2000-01-01,2lO9yuuIDgBpSJzxTh3ai8
481,3bEnaGjQRqfoqNkAQtO1Uy,482,Guitar Town,Steve Earle,1986-01-01,3bEnaGjQRqfoqNkAQtO1Uy
482,7LMOo068Ndv0wjTGUDtYqK,483,Entertainment,Gang of Four,1979-01-01,7LMOo068Ndv0wjTGUDtYqK
483,5rMgrctAvvJAw0B0J5iOnU,484,All the Young Dudes,Mott the Hoople,1972-01-01,5rMgrctAvvJAw0B0J5iOnU
484,5pd9B3KQWKshHw4lnsSLNy,485,Vitalogy,Pearl Jam,1994-01-01,5pd9B3KQWKshHw4lnsSLNy
486,1FvdZ1oizXwF9bxogujoF0,487,Shes So Unusual,Cyndi Lauper,1983-01-01,1FvdZ1oizXwF9bxogujoF0
487,2eOu9QDLP2MoO04ZtII2Vm,488,New Day Rising,Husker Du,1985-01-01,2eOu9QDLP2MoO04ZtII2Vm
488,59plsPcJYFlSA5ImekNQJ0,489,Destroyer,KISS,1976-01-01,59plsPcJYFlSA5ImekNQJ0
490,42WQ76qWDQmHlHvJa6Z3Uw,491,Born Under a Bad Sign,Albert King,1967-01-01,42WQ76qWDQmHlHvJa6Z3Uw
491,2PFK4dMZkqUQfxfSrK8WMf,492,Touch,Eurythmics,1983-01-01,2PFK4dMZkqUQfxfSrK8WMf
492,0rPtXOMN42nsLDiShvGamv,493,Yankee Hotel Foxtrot,Wilco,2002-01-01,0rPtXOMN42nsLDiShvGamv
493,6mm1Skz3JE6AXneya9Nyiv,494,Oracular Spectacular,MGMT,2007-01-01,6mm1Skz3JE6AXneya9Nyiv
494,5DJ33SIMoSKBJg2Y4uQc7p,495,Give It Up,Bonnie Raitt,1972-01-01,5DJ33SIMoSKBJg2Y4uQc7p
495,4i1GgeitxAC8fy48Cwcl54,496,Boz Scaggs,Boz Scaggs,1969-01-01,4i1GgeitxAC8fy48Cwcl54
496,6Xvc1TfpVEhDeHhmTQEtp0,497,White Blood Cells,The White Stripes,2001-01-01,6Xvc1TfpVEhDeHhmTQEtp0
497,0um9FI6BLBldL5POP4D4Cw,498,The Stone Roses,The Stone Roses,1989-01-01,0um9FI6BLBldL5POP4D4Cw
498,3mCS3cMduOlki845XA4gDZ,499,Live in Cook County Jail,BB King,1971-01-01,3mCS3cMduOlki845XA4gDZ
499,5ceB3rxgXqIRpsOvVzTG28,500,Aquemini,OutKast,1998-01-01,5ceB3rxgXqIRpsOvVzTG28
