albumnamers,albumidspotify,albumnamespotify,artistnamespotify,artistidspotify,releasedate,totaltracks
Sgt. Pepper's Lonely Hearts Club Band,1x1jpjDbetGqX0IKCUIBNj,Sgt. Pepper's Lonely Hearts Club Band,Bloco do Sargento Pimenta,3wGWCP3E3tYqj5memYV9Vq,2017-12-08,13.0
Pet Sounds,2CNEkSE8TADXRT2AzcEt1b,Pet Sounds,The Beach Boys,3oDbviiivRWhXwIE8hxkVV,1966-05-16,13.0
Revolver,0T1sskJDoybYGvPU5aw5Cf,REVOLVER,Lil Darkie,62F9BiUmjqeXbBztCwiX1U,2020-06-15,1.0
Highway 61 Revisited,6YabPKtZAjxwyWbuO9p4ZD,Highway 61 Revisited,Bob Dylan,74ASZWbe4lXaubB36ztrGX,1965-08-30,9.0
Rubber Soul,5TIQEIzrI6RQfUVQ5Y571D,Rubber Soul,The Beatles Complete On Ukulele,5o723EMxNulM5ydXRh7Qkk,2020-07-28,16.0
Exile on Main St.,7GxLUFkXPoxcLxD7cZVlpV,Exile On Main St.,Pussy Galore,6w3S2c3TqD9lPPN2qOpHw1,1986-08-01,18.0
London Calling,4gBDKJ2HdnUqybh3Haqs8m,London Calling,Akasha,5oFsjDzNu5UwbtKnGXKacN,2022-12-16,1.0
Blonde on Blonde,4NP1rhnsPdYpnyJP0p0k0L,Blonde On Blonde,Bob Dylan,74ASZWbe4lXaubB36ztrGX,1966-06-20,14.0
The Sun Sessions,1MXqJeTXdeFEERhpyhBCnj,The Sun Sessions,Dale Watson,67meObnM9NdAyCO373aaEp,2011-10-11,14.0
Kind of Blue,1weenld61qoidwYuZ1GESA,Kind Of Blue,Miles Davis,0kbYTNQb4Pb1rPbbaF0pT4,1959-08-17,5.0
Are You Experienced,7rSZXXHHvIhF4yUFdaOCy9,Are You Experienced,Jimi Hendrix,776Uo845nYHJpNaStv1Ds4,1967-05-12,17.0
Blood on the Tracks,4WD4pslu83FF6oMa1e19mF,Blood On The Tracks,Bob Dylan,74ASZWbe4lXaubB36ztrGX,1975-01-17,10.0
Nevermind,6c5gDwB7Xo58thk2vap4Ch,Nevermind,Dennis Lloyd,3EOEK57CV77D4ovYVcmiyt,2017-06-30,1.0
Born to Run,43YIoHKSrEw2GJsWmhZIpu,Born To Run,Bruce Springsteen,3eqjTLE0HfPfh78zjh6TqT,1975-08-25,8.0
Astral Weeks,4pG3bKkbmReDt5QTDn3JDz,Astral Weeks,Van Morrison,44NX2ffIYHr6D4n7RaZF7A,1968-11-01,8.0
Thriller,2ANVost0y2y52ema1E9xAZ,Thriller,Michael Jackson,3fMbdgg4jU18AjLCKBhRSm,1982-11-30,9.0
The Complete Recordings,6QwHn86Rw53qli3Y6b41Rd,The Complete Recordings,Robert Johnson,0f8MDDzIc6M4uH1xH0o0gy,1990,41.0
Innervisions,5jgI8Eminx9MmLBontDWq8,Innervisions,Stevie Wonder,7guDJrEfX3qb6FEbdPA5qi,1973-08-03,9.0
Rumours,1bt6q2SruMsBtcerNVtpZB,Rumours,Fleetwood Mac,08GQAI4eElDnROBrJRGE0X,1977-02-04,11.0
The Joshua Tree,5vBZRYu2GLA65nfxBvG1a7,The Joshua Tree,U2,51Blml2LZPmy7TTiAg47vQ,1987-03-10,11.0
Led Zeppelin,3ycjBixZf7S3WpC5WZhhUK,Led Zeppelin,Led Zeppelin,36QJpDe2go2KgaRleHCDTp,1969-01-12,9.0
Blue,2xZSrcBmvMw9Y8hac6xU7L,Blue,Jonas Blue,1HBjj22wzbscIZ9sEb5dyf,2018-11-09,15.0
Bringing It All Back Home,1lPoRKSgZHQAYXxzBsOQ7v,Bringing It All Back Home,Bob Dylan,74ASZWbe4lXaubB36ztrGX,1965-03-22,11.0
Let It Bleed,4l4u9e9jSbotSXNjYfOugy,Let It Bleed,The Rolling Stones,22bE4uQ6baNwSHPVcDxLCe,1969-12-05,9.0
Ramones,5e3eOPB1H5R2bMtkgnnKVl,Ramones,Jack Russell,1eYgSi9O2AX4sLhR06HKCz,2023-07-07,1.0
Music From Big Pink,3QqhURrsxUO9UGQWePlBjF,Music From Big Pink,Mrs. Henry,2eHOlyX9GEmBZw0X7uBiI0,2023-10-20,11.0
Tapestry,12n11cgnpjXKLeqrnIERoS,Tapestry,Carole King,319yZVtYM9MBGqmSQnMyY6,1971,12.0
Hotel California,6ZYBo6TaCVbeJPgY7oX3Y9,Hotel California,Bossa Bros,5jd0MgoI9F3hxcQHBPEk6V,2022-06-10,1.0
The Anthology,5kP2AlLe5EsHEx6y3HpJjN,The Anthology,The Ink Spots,5bOsFzuJ6QZMr86ezC4oXY,1998-06-16,48.0
Forever Changes,4rSSLeJIKgTj7nymJ5Xgs6,Forever Changes,DNMO,3cMInYqk6yzf37zo8iznoz,2023-10-12,1.0
The Doors,1jWmEhn3ggaL6isoyLfwBn,The Doors,The Doors,22WZ7M8sxp5THdruNY3gXt,1967-01-04,11.0
The Dark Side of the Moon,4LH4d3cOWNNsVw41Gqt2kv,The Dark Side of the Moon,Pink Floyd,0k17h0D3J5VfsdmQ1iZtE9,1973-03-01,10.0
Horses,0OeuSeP8wp8n8OuTqYb61C,Horses,Patti Smith,0vYkHhJ48Bs3jWcvZXvOrP,1975-12-13,8.0
A Love Supreme,7Eoz7hJvaX1eFkbpQxC5PA,A Love Supreme,John Coltrane,2hGh5VOeeqimQFxqXvfCUf,1965-02,4.0
It Takes a Nation of Millions to Hold Us Back,1Rj1daFzMlYzLv7lJl14hz,It Takes A Nation Of Millions To Hold Us Back,Public Enemy,6Mo9PoU6svvhgEum7wh2Nd,1988-06-28,16.0
At Fillmore East,0Y5Wlv2OJKaW0uDJ5HnUfy,At Fillmore East,Allman Brothers Band,4wQ3PyMz3WwJGI5uEqHUVR,1971-07-01,7.0
Bridge Over Troubled Water,0JwHz5SSvpYWuuCNbtYZoV,Bridge Over Troubled Water,Simon & Garfunkel,70cRZdQywnSFp9pnc2WTCE,1970-01-26,11.0
Greatest Hits,1WBZyULtlANBKed7Zf9cDP,Greatest Hits,2Pac,1ZwdS5xdxEREPySFridCfh,1998-01-01,25.0
The Birth of Soul,3RPMCDSd1yj37hlqbizmeT,The Birth of Soul,Ray Charles,1eYhYunlNJlDoQhtYBvPsi,1991-09-24,53.0
Electric Ladyland,5z090LQztiqh13wYspQvKQ,Electric Ladyland,Jimi Hendrix,776Uo845nYHJpNaStv1Ds4,1968-10-25,16.0
Elvis Presley,7GXP5OhYyPVLmcVfO9Iqin,Elvis Presley,Elvis Presley,43ZHCT0cAZBISjO8DG9PnE,1956-03-23,12.0
Songs in the Key of Life,6YUCc2RiXcEKS9ibuZxjt0,Songs In The Key Of Life,Stevie Wonder,7guDJrEfX3qb6FEbdPA5qi,1976-09-28,21.0
Beggars Banquet,0Oz0U3CRwTR3oTGsUfJb3I,Beggars Banquet,Kirill Tipo,3obqIeGrzLJXoOdxatlprm,2014-09-08,4.0
Chronicle: The 20 Greatest Hits,1QMVI7vXJxC2f4R65Mu1zd,Chronicle: The 20 Greatest Hits,Johnnie Taylor,4OGuNAnRFWZOgOA2d51taz,1977-01-01,20.0
Appetite for Destruction,28yHV3Gdg30AiB8h8em1eW,Appetite For Destruction,Guns N' Roses,3qm84nBOXUEQ2vnTfUTTFC,1987-07-21,12.0
Achtung Baby,5n52kyQKeUZs5ObZJejLQd,Achtung Baby,U2,51Blml2LZPmy7TTiAg47vQ,1991-11-18,12.0
Sticky Fingers,4tteoxk0i9qnjXK84MbR3h,Sticky Fingers,Above & Beyond,10gzBoINW3cLJfZUka8Zoe,2014-05-19,4.0
Moondance,5PfnCqRbdfIDMb1x3MPQam,Moondance,Van Morrison,44NX2ffIYHr6D4n7RaZF7A,1970-02,10.0
Kid A,6GjwtEZcfenmOf6l18N7T7,Kid A,Radiohead,4Z8W4fKeB5YxbusRsdQVPb,2000-10-02,11.0
Off the Wall,2ZytN2cY4Zjrr9ukb2rqTP,Off the Wall,Michael Jackson,3fMbdgg4jU18AjLCKBhRSm,1979-08-10,10.0
The Stranger,3IILMjMMnoN2sKzgesX8KV,The Stranger,Billy Joel,6zFYqv1mOsgBRQbae3JJ9e,1977-09-29,9.0
Graceland,4WoQ94qzwQj28n3nlSOVLB,Graceland,Paul Simon,2CvCyf1gEVhI0mX6aFXmVI,1986-08-25,11.0
Superfly,4wXzZSDJSxTMGq9XcvFTYj,Superfly,Various Artists,0LyfQWJT6nXafLPZqxe9Of,2010-06-29,30.0
Physical Graffiti,0JpERbnfgcW2UYkdgmhlkR,Physical Graffiti,Jaybwoy,53UQaKaoipgAfPoHqPa3vA,2020-05-16,6.0
After the Gold Rush,4uyeTospkcNKXESudPRldI,After The Gold Rush,Mandy Rowden,6rmv9eJiqRPvpGQeJ7e6Nk,2021-03-05,1.0
Star Time,2yuTyv0L51qvYuI5RIktlA,Star Time,James Brown,7GaxyUddsPok8BuhxN6OUW,1991-01-01,71.0
Purple Rain,7nXJ5k4XgRj5OLg9m8V3zc,Purple Rain,Prince,5a2EaR3hamoenG9rDuVn8j,1984-06-25,9.0
Back in Black,6mUdeDZCsExyJLMdAfDuwh,Back In Black,AC/DC,711MCceyCBcFnzjGY4Q7Un,1980-07-25,10.0
Imagine,0xzaemKucrJpYhyl7TltAk,Imagine,John Lennon,4x1nvY2FN8jxqAFA0DA02H,1971-09-09,10.0
The Clash,3l3qhuUYMC5JdnXkxTl5v0,The Clash,Clashers Season 2,6bqijgpAcVn9dEsvEpu4Ck,2019-12-08,4.0
Harvest,7ikmya3wGPGHxKVoCCG3r8,Harvest,Of The Trees,5V7NIXgCnX2KuQ01Bxg20c,2018-09-25,4.0
Axis: Bold as Love,3uFZf8rykoHo7XMIQVYW6r,Axis: Bold As Love,Jimi Hendrix,776Uo845nYHJpNaStv1Ds4,1967-12-01,13.0
I Never Loved a Man the Way I Love You,5WndWfzGwCkHzAbQXVkg2V,I Never Loved a Man the Way I Love You,Aretha Franklin,7nwUJBm0HE4ZxD3f5cy5ok,1967-03-10,14.0
Lady Soul,6MmlvQ1oQ1ZZRXbSFG6GmE,Lady Soul,Vi Redd,6lqMXuu8EjQDDyCs89zf7a,1963,11.0
Born in the U.S.A.,0PMasrHdpaoIRuHuhHp72O,Born In The U.S.A.,Bruce Springsteen,3eqjTLE0HfPfh78zjh6TqT,1984-06-04,12.0
The Wall,5Dbax7G8SWrP9xyzkOvy2F,The Wall,Pink Floyd,0k17h0D3J5VfsdmQ1iZtE9,1979-11-30,26.0
At Folsom Prison,4TJIdlY9hGSSTO1kUs1neh,At Folsom Prison,Johnny Cash,6kACVPfCOnqzgfEF5ryl0x,1968-05-01,16.0
Dusty in Memphis,14UrtAcLym4a6f7IgXVGjF,Dusty In Memphis,Dusty Springfield,5zaXYwewAXedKNCff45U5l,1969-03-31,11.0
Talking Book,3PResMqFgQYBfzTnqTKwQw,Talking Book,Stevie Wonder,7guDJrEfX3qb6FEbdPA5qi,1972-10-28,10.0
Goodbye Yellow Brick Road,2ltdhm5JuSUm5L0DizaUwO,Goodbye Yellow Brick Road,Georg Erixon,2YohShuz0Lf4i09lImCR5r,2017-09-09,1.0
20 Golden Greats,5ourevL93kFzjWH6lIyT42,20 Golden Greats,The Hollies,6waa8mKu91GjzD4NlONlNJ,1978-07-01,20.0
40 Greatest Hits,6zIYEv6soMoaZiypsHB5dd,40 Greatest Hits,Hank Williams,1FClsNYBUoNFtGgzeG74dW,1978-01-01,40.0
Bitches Brew,3Q0zkOZEOC855ErOOJ1AdO,Bitches Brew,Miles Davis,0kbYTNQb4Pb1rPbbaF0pT4,1970-04,7.0
Tommy,5cT7ee1sy2oEbFalP4asS4,Tommy,The Who,67ea9eGLXYMsO2eYQRui3w,1969-05-23,24.0
The Freewheelin' Bob Dylan,0o1uFxZ1VTviqvNaYkTJek,The Freewheelin' Bob Dylan,Bob Dylan,74ASZWbe4lXaubB36ztrGX,1963-05-27,13.0
This Year's Model,2dFoSKGYtvtXmRizZD8Nj8,This Year's Model,The Imperials,0VEYLlS75s0mdIznsxmwqf,1987-07-28,9.0
Odessey and Oracle,6XqM4NINcx3oc7NhOUKxXp,Odessey and Oracle,The Zombies,2jgPkn6LuUazBoBk6vvjh5,1968,12.0
In the Wee Small Hours,3GmwKB1tgPZgXeRJZSm9WX,In The Wee Small Hours,Frank Sinatra,1Mxqyy3pSjf8kZZL4QVxS0,1955,16.0
Fresh Cream,6iyKqDoL9pRSHUsDBYemlB,Fresh Cream,Cream,74oJ4qxwOZvX6oSsu1DGnw,1966-12-09,11.0
Giant Steps,2m5RKUit8PUNE6QPcmA7sI,Giant Steps,Brendan Maynard + 2,28j2IaYoLNPDEr3ogCZ4tM,2020-10-21,3.0
Sweet Baby James,4fRwvOdYpHOk4WMTVvP6Bd,Sweet Baby James,Marie Miller,6zO6YtmClhozAfxR05frh2,2021-07-23,1.0
Rocket to Russia,3SBh2kzao9z3gLCzOV45ho,Rocket to Russia,Ramones,1co4F2pPNH8JjTutZkmgSm,1977-11-04,14.0
Hunky Dory,6ymM2Dv44843IM98PLKWeL,Hunky Dory,Danny Cody,2ijs0jA7fB11WRVE5F5B45,2023-10-06,1.0
Aftermath,72qrnM4yUNMDDlWiqKc8iY,Aftermath,The Rolling Stones,22bE4uQ6baNwSHPVcDxLCe,1966-04-15,11.0
Loaded,1IOJo40EKOLngOzy09pQMi,Loaded,The Wood Brothers,6FxuPrpa8phaP3Xn73emhT,2008-01-01,12.0
The Bends,35UJLpClj5EDrhpNIi4DFg,The Bends,Radiohead,4Z8W4fKeB5YxbusRsdQVPb,1995-03-13,12.0
If You Can Believe Your Eyes and Ears,6zK7GV2JCqLknAdTeIhooB,If You Can Believe Your Eyes And Ears,The Mamas & The Papas,1bs7HoMkSyQwcobCpE9KpN,1966-03,12.0
Court and Spark,2J3yc94qjL2PxnWX80Lkhm,Court and Spark,Lisa Michelle Anderson,18fFwzg9EnT0eG1j0IhoeY,2021-10-26,1.0
Disraeli Gears,6fRqzJT070Kp9RWlSXmKcY,Disraeli Gears,Cream,74oJ4qxwOZvX6oSsu1DGnw,1967-11-02,11.0
The Who Sell Out,59TsZod1kJQRB7YdRWnxNJ,The Who Sell Out,Dian Sri Pujiastuti,4zQjIBNXiHAGaOvnAWFrZ2,2023-10-13,1.0
Out of Our Heads,2Q5MwpTmtjscaS34mJFXQQ,Out Of Our Heads,The Rolling Stones,22bE4uQ6baNwSHPVcDxLCe,1965-07-30,12.0
Late Registration,5ll74bqtkcXlKE7wwkMq4g,Late Registration,Kanye West,5K4W6rqBFWDnAN6FQUkS6x,2005-08-30,21.0
At Last!,7rd4PorIOPjPTy7qdUeeCt,At Last!,Etta James,0iOVhN3tnSvgDbcg25JoJb,1960,14.0
Sweetheart of the Rodeo,02XyFDfvHfIwtqOC3o0PcK,Sweetheart Of The Rodeo,The Byrds,1PCZpxHJz7WAMF8EEq8bfc,1968-08-30,19.0
The Harder They Come,6yOnFL04Yoakrq7fr83S4V,The Harder They Come,Rocker's Revenge,4HQUFZUKjXhvh9rS23DYzG,1982-03-15,2.0
Raising Hell,7AFsTiojVaB2I58oZ1tMRg,Raising Hell,Run–D.M.C.,3CQIn7N5CuRDP8wEI7FiDA,1986-05-15,12.0
Pearl,0rtro45NlxC91C0fxh5ieX,Pearl,Dave B.,5bfqwcEcRrMhtY9smw3IeJ,2017-11-17,8.0
Catch a Fire,39kLAVdcgW7jbMcTEaY2qy,Catch A Fire,Bob Marley & The Wailers,2QsynagSdAqZj3U9HgDzjD,1973-04-13,20.0
Younger Than Yesterday,33puYJ2y5qANDenRmL8BS1,Younger Than Yesterday,The Byrds,1PCZpxHJz7WAMF8EEq8bfc,1967-02-06,17.0
Raw Power,4iDsrn9R077uE520dgt4Uf,Raw Power,Kamban,0mBDRW65svvamuKzjyB5uP,2019-09-13,1.0
Remain in Light,1JvXxLsm0PxlGH4LXzqMGq,Remain in Light,Talking Heads,2x9SpqnPi8rlE9pjHBwmSC,1980-10-08,8.0
Marquee Moon,630o1rKTDsLeIPreOY1jqP,Marquee Moon,Television,0S7Zur2g8YhqlzqtlYStli,1977-02-08,8.0
Paranoid,7M00buWgnCI4mkdecN33zf,Paranoid,ay3demi,7gcq03kJfgHiW2qPTwS6q1,2023-10-31,3.0
"The Wild, the Innocent & the E Street Shuffle",1rmhti8uHw21LnaWMQy608,"The Wild, the Innocent & The E Street Shuffle",Bruce Springsteen,3eqjTLE0HfPfh78zjh6TqT,1973-09-11,7.0
Ready to Die,1y8x2DnzgmrHoYiSVliHhf,Ready to Die,MajinBlxxdy,7KQRHTFIv5yBauZyAaerXn,2020-01-09,4.0
Tim,6Ad1E9vl75ZB3Ir87zwXIJ,TIM,Avicii,1vCWHaC5f2uS3yhpwWbIA6,2019-06-06,12.0
The Chronic,2V5rhszUpCudPcb01zevOt,The Chronic,Dr. Dre,6DPYiyq5kWVQS4RGwxzPC7,1992-12-15,16.0
Rejuvenation,3OoFKxuziLv3B3NxhEJwOW,Rejuvenation,The Meters,2JRvXPGWiINrnJljNJhG5s,1974,9.0
Parallel Lines,4M6s2jbhKWEcOdXZ8WiHts,Parallel Lines,Blondie,4tpUmLEVLCGFr93o8hFFIB,1978-09-23,12.0
Live at the Regal,7njGz7ZeDXL6cH3VnflcQ2,Live At The Regal,B.B. King,5xLSa7l4IV1gsQfhAMvl0U,1965,10.0
A Christmas Gift for You From Phil Spector,2kzkwgOFAtRsDsas5Hi0Qu,A Christmas Gift For You From Phil Spector,Various Artists,0LyfQWJT6nXafLPZqxe9Of,1963,13.0
Straight Outta Compton,0Y7qkJVZ06tS2GUCDptzyW,Straight Outta Compton,N.W.A.,4EnEZVjo3w1cwcQYePccay,1988-08-08,13.0
Aja,1hOK2ey9W76x9GnftSRgrw,Aja,Steely Dan,6P7H3ai06vU1sGvdpBwDmE,1977-09-23,7.0
Surrealistic Pillow,6lPb7Eoon6QPbscWbMsk6a,Surrealistic Pillow,Jefferson Airplane,2qFr8w5sWUITRlzZ9kZotF,1967,17.0
Deja vu,5bHkK1X4WEOzNvRhehvOcb,Deja Vu,"Crosby, Stills, Nash & Young",1CYsQCypByMVgnv17qsSbQ,1970-03-11,10.0
Houses of the Holy,4hyZvmZD32NkUXUX12gxfi,Houses of the Holy,H.C. McEntire,223IvfSnge3qiGcDMHk2e4,2019-01-14,1.0
Santana,0hfFLQzo3OwgYFFFvTQYhT,Santana,Santana,6GI52t8N5F02MxU0g5U69P,1969-08-30,9.0
Darkness on the Edge of Town,4KT6G8fj8EEIfsyr75hbgc,Darkness On the Edge of Town,Bruce Springsteen,3eqjTLE0HfPfh78zjh6TqT,1978-06-02,10.0
Funeral,6ZB8qaR9JNuS0Q0bG1nbcH,Funeral,Arcade Fire,3kjuyTCjPG1WMFCiyc5IuB,2004-06-16,10.0
The Low End Theory,1p12OAWwudgMqfMzjMvl2a,The Low End Theory,A Tribe Called Quest,09hVIj6vWgoCDtT03h8ZCa,1991-09-24,14.0
Moanin' in the Moonlight,76MT4lqzC1oSvSYnHHjMam,Moanin' In The Moonlight,Howlin' Wolf,0Wxy5Qka8BN9crcFkiAxSR,1958-03-01,12.0
Pretenders,6AFFu3ilmlEDz1I9ZaNOZw,Pretenders,Pretenders,0GByy3DcfbQwDvXGCWmzv9,1980-01-11,26.0
Closer,0rSLgV8p5FzfnqlEk4GzxE,Closer,The Chainsmokers,69GGBxA162lTqCwzJG5jLp,2016-07-29,1.0
Captain Fantastic and the Brown Dirt Cowboy,4UcpKa4yD9AA3iEHI8MFSF,Captain Fantastic And The Brown Dirt Cowboy,Elton John,3PhoLpVuITZKcymswpck5b,1975-05-19,13.0
Alive!,0lvFKHiygKiwhKHNYPmRzn,Alive!,Bakar,3K2Srho6NCF3o9MswGR76H,2023-06-21,1.0
Electric Warrior,4Yw5uS8at8GkWmH2gZmLY0,Electric Warrior,T. Rex,3dBVyJ7JuOMt4GE9607Qin,1971-09-24,11.0
The Dock of the Bay,0kSkzG0sfuG4lRuFF5jWVr,The Dock of the Bay,Otis Redding,60df5JBRRPcnSpsIMxxwQm,1968-02-23,11.0
OK Computer,6dVIqQ8qmQ5GBnJ9shOYGE,OK Computer,Radiohead,4Z8W4fKeB5YxbusRsdQVPb,1997-05-28,12.0
1999,5ra51AaWF3iVebyhlZ1aqq,1999,Joey Bada$$,2P5sC9cVZDToPxyomzF1UH,2012-06-12,15.0
Imperial Bedroom,1pK8MLyjgvt8pNVkQCBnSg,Imperial Bedroom,Elvis Costello & The Attractions,4qmHkMxr6pTWh5Zo74odpH,1982,15.0
Master of Puppets,4NAtbhhWbugMxDvBmFBBDK,Master of Puppets,Todd Barriage,5JvB18ikUg21Uv5MrUBagY,2022-08-12,1.0
My Aim Is True,1aucGNKimhgARC7iO2xLt2,My Aim Is True,Elvis Costello,2BGRfQgtzikz1pzAD0kaEn,1977-07-22,13.0
Exodus,2mBbV0Ad6B4ydHMZlzAY7S,Exodus,Bob Marley & The Wailers,2QsynagSdAqZj3U9HgDzjD,1977-06-03,12.0
Live at Leeds,6RjFK0mg5bS09Mt6FYCbXd,Live At Leeds,Serj Tankian,0BEI7i5sgUuivcfwXLzFmM,2022-04-08,11.0
The Notorious Byrd Brothers,5UI2X5VAmgu9xrlXDd5U7B,The Notorious Byrd Brothers,The Byrds,1PCZpxHJz7WAMF8EEq8bfc,1968-01-15,17.0
Every Picture Tells a Story,4VykjLwkyfKMZVLrJJVrYh,Every Picture Tells A Story,Rod Stewart,2y8Jo9CKhJvtfeKOsYzRdT,1971-05-18,8.0
Desire,1T8usYsiGEMPMQOLFgJEbE,Desire,Bob Dylan,74ASZWbe4lXaubB36ztrGX,1976-01-16,9.0
Close to You,1CsuCA05y9r7ftG9bGGtWV,Close To You,Carpenters,1eEfMU2AhEo7XnKgL7c304,1970,12.0
Rocks,4ldiyfqRvKiIasHHuDftuP,Rocks,Aerosmith,7Ey4PD4MYsKc5I2dolUwbH,1976-05-14,9.0
One Nation Under a Groove,3ZD9DzZjCHFOsHQKgs3HCF,One Nation Under A Groove,Various Artists,0LyfQWJT6nXafLPZqxe9Of,2017-07-21,13.0
The Definitive Collection,4E1itnJOhTMRSATNaxh0Sq,The Definitive Collection,Stevie Wonder,7guDJrEfX3qb6FEbdPA5qi,2002-10-29,21.0
"The Rolling Stones, Now!",592dKHbXtiglWyt8AEet23,"The Rolling Stones, Now!",The Rolling Stones,22bE4uQ6baNwSHPVcDxLCe,1965-02-13,12.0
Natty Dread,1d8lF3nZpEIFeEbWmAt9Ey,Natty Dread,Bob Marley & The Wailers,2QsynagSdAqZj3U9HgDzjD,1974,10.0
Fleetwood Mac,5VIQ3VaAoRKOEpJ0fewdvo,Fleetwood Mac,Fleetwood Mac,08GQAI4eElDnROBrJRGE0X,1975-07-11,11.0
Red Headed Stranger,5aEtg4dxdBk4pj6SJ3hNsM,Red Headed Stranger,Willie Nelson,5W5bDNCqJ1jbCgTxDD0Cb3,1975-05-01,15.0
The Immaculate Collection,5MzwGwnO9gkh0z6Nl4FF8h,The Immaculate Collection,Madonna,6tbjWDEIzxoDsBA1FuhfPW,1990-11-09,17.0
The Stooges,0Z1Y5L90NjqUD351YUQWdA,The Stooges,The Stooges,4BFMTELQyWJU1SwqcXMBm3,1969-01-01,26.0
Fresh,5eRHyCycBt78BNaa8vR4Si,FRESH,NXVAMANE,4f0duKhSmQubrgvVjUAKvh,2023-02-24,1.0
Buffalo Springfield Again,7hez8jibf36E66GHpFkWz7,Buffalo Springfield Again,Buffalo Springfield,3eskO5m0H4yiF64vRySBjr,1967-10-30,10.0
Happy Trails,7d9IZA5hVMlRqkRszYt66r,Happy Trails,Quicksilver Messenger Service,7DCnwoFMqGN6eZULdcLZeL,1969,10.0
From Elvis in Memphis,3ekkFrfotMsEAKc5g71GHk,From Elvis in Memphis,Elvis Presley,43ZHCT0cAZBISjO8DG9PnE,1969-06-17,16.0
Fun House,1LBaX90YupG7JKOHCWi4y0,Fun House,Hand Habits,5poU7FPEYoBlwjzOEWMbX5,2021-10-22,12.0
The Gilded Palace of Sin,6VWKy5o2OcdeWa7yolazjU,The Gilded Palace Of Sin,The Flying Burrito Brothers,0rESpKEusFHxhW59MIf7eM,1969-02-06,11.0
Dookie,4uG8q3GPuWHQlRbswMIRS6,Dookie,Green Day,7oPftvlwr6VrsViSDV7fJY,1994-02-01,15.0
Transformer,5SqbMEyAt8332ISGiLX0St,Transformer,Lou Reed,42TFhl7WlMRXiNqzSrnzPL,1972-12-01,11.0
Murmur,4Mw9Gcu1LT7JaipXdwrq1Q,Murmur,R.E.M.,4KWTAlx2RvbpseOGMEmROg,1983-01-01,12.0
The Best of Little Walter,2yIkYQJevVxZADVieZX1Bx,The Best Of Little Walter,Little Walter,22JuR9OeENcP54XN5TlNWS,1957-01-07,12.0
Is This It,2k8KgmDp9oHrmu0MIj4XDE,Is This It,The Strokes,0epOFNiUfyON9EYx7Tpr6V,2001-07-30,11.0
Highway to Hell,10v912xgTZbjAtYfyKWJCS,Highway to Hell,AC/DC,711MCceyCBcFnzjGY4Q7Un,1979-07-27,10.0
The Downward Spiral,3nJnyDV8fwFpffo0EyHQto,The Downward Spiral,Nine Inch Nails,0X380XXQSNBYuleKzav5UO,1994-03-08,14.0
"Parsley, Sage, Rosemary and Thyme",1sh32o99zA04PJIUJUpEj7,"Parsley, Sage, Rosemary And Thyme",Simon & Garfunkel,70cRZdQywnSFp9pnc2WTCE,1966-10-10,12.0
Modern Times,2hq3mwvkJDvCziOfSOTrh6,Modern Times,Jefferson Starship,3HC7NcxQx2Yk0fWoRKJ0xF,1981-04-02,9.0
Wheels of Fire,0zrtTZC7yY2TOEhnbJzSb9,Wheels Of Fire,Cream,74oJ4qxwOZvX6oSsu1DGnw,1968-07-01,13.0
Dirty Mind,1BcbvGZ9kYAHCi1hyQSaZ1,Dirty Mind,3OH!3,0FWzNDaEu9jdgcYTbcOa4F,2011-12-20,1.0
Abraxas,1CHUXwuge9A7L2KiA3vnR6,Abraxas,Santana,6GI52t8N5F02MxU0g5U69P,1970-09-23,9.0
Ten,5B4PYA7wNN4WdEXdIJu58a,Ten,Pearl Jam,1w5Kfo2jwwIPruYS2UWh56,1991-08-27,11.0
Everybody Knows This Is Nowhere,7ItjF9gASIUGBdr8i8YEWC,Everybody Knows This Is Nowhere,Joel Tyler Wall,1vB6BES66rhlsxKlYGpy4H,2020-04-15,1.0
Wish You Were Here,0bCAjiUamIFqKJsekOYuRw,Wish You Were Here,Pink Floyd,0k17h0D3J5VfsdmQ1iZtE9,1975-09-12,5.0
Tattoo You,0yTaOPkfNqatnSwaLby8U6,Tattoo You,The Rolling Stones,22bE4uQ6baNwSHPVcDxLCe,2021-10-22,11.0
New York Dolls,2xbTV0Awe4Qm5caUVuPbMr,New York Dolls,New York Dolls,0WhGV9lzljq2QKJ8ipw6jx,1973-01-01,11.0
Two Steps From the Blues,5EHs7DTqLFlYgbH9kahIp7,Two Steps From The Blues,"Bobby ""Blue"" Bland",48nwxUvPJZkm8uPa7xMzmj,2001-02-27,14.0
The Queen Is Dead,5Y0p2XCgRRIjna91aQE8q7,The Queen Is Dead,The Smiths,3yY2gUcIsjMr8hjo51PoJ8,1986-06-16,10.0
Licensed to Ill,11oR0ZuqB3ucZwb5TGbZxb,Licensed To Ill,Beastie Boys,03r4iKL2g2442PT9n2UKsx,1986-11-15,13.0
Look-Ka Py Py,6mGpQtwteyjKS4Up9tXuND,Look-Ka Py Py,The Meters,2JRvXPGWiINrnJljNJhG5s,1970,12.0
Loveless,3GH4IiI6jQAIvnHVdb5FB6,Loveless,my bloody valentine,3G3Gdm0ZRAOxLrbyjfhii5,1991-11-04,11.0
War,5UthVBNdNdHyqHmSKUlegX,War,Jasiah,7502fDxg339jvGV08Jd4R0,2021-04-02,7.0
American Idiot,5dN7F9DV0Qg1XRdIgW8rke,American Idiot,Green Day,7oPftvlwr6VrsViSDV7fJY,2004-09-21,9.0
Nebraska,6yskFQZNlLYhkchAxELHi6,Nebraska,Bruce Springsteen,3eqjTLE0HfPfh78zjh6TqT,1982-09-30,10.0
Doolittle,0DQyTVcDhK9wm0f6RaErWO,Doolittle,Pixies,6zvul52xwTWzilBZl6BUbT,1989-04-17,15.0
Paid in Full,3miZDfDnP7SmOXAJXWdFmz,Paid In Full,Eric B. & Rakim,6jHG1YQkqgojdEzerwvrVv,1987-07-07,12.0
Toys in the Attic,6As5aOEQjfxLIChIB3fQRD,Toys In The Attic,Aerosmith,7Ey4PD4MYsKc5I2dolUwbH,1975-04-08,9.0
Nick of Time,6wxpS5o0ty5CLqyH5fIRln,Nick Of Time,Bonnie Raitt,4KDyYWR7IpxZ7xrdYbKrqY,1989,11.0
A Night at the Opera,7HVoV2lgVsmuiHsjbbUJB4,A Night At The Opera,Queen,1dfeR4HaWDbWqFHLkxsg1d,1975-11-21,12.0
The Kink Kronikles,5lWh5YPOOuvdlSn5hLDn02,The Kink Kronikles,The Kinks,1SQRv42e4PjEYfPhS0Tk9E,1972-04-10,28.0
Mr. Tambourine Man,0pkrqPjeq9K5KD0hFqAKNa,Mr. Tambourine Man,The Byrds,1PCZpxHJz7WAMF8EEq8bfc,1965-06-21,18.0
Bookends,3bzgbgiytguTDnwzflAZr2,Bookends,Simon & Garfunkel,70cRZdQywnSFp9pnc2WTCE,1968-04-03,12.0
The Ultimate Collection,6TcPqftScGmR0aEgIb43Vv,The Ultimate Collection,Black Sabbath,5M52tdBnJaKSvOpJGz8mfZ,2017-02-03,31.0
My Generation,083eJvBMfEHIfzgrFQ5DLb,MY GENERATION,ゆうらん船,4SDLL3cZT6a7CKfcOreWZm,2020-06-24,12.0
Howlin' Wolf,26TtzBrPdUkHMSTPSbctbl,Howlin' Wolf,Howlin' Wolf,0Wxy5Qka8BN9crcFkiAxSR,1962-01-11,12.0
Like a Prayer,48AGkmM7iO4jrELRnNZGPV,Like a Prayer,Madonna,6tbjWDEIzxoDsBA1FuhfPW,1989-03-21,11.0
Can't Buy a Thrill,6DlSUW5gmq6Byc3osKDJ2p,Can't Buy A Thrill,Steely Dan,6P7H3ai06vU1sGvdpBwDmE,1972-11-01,10.0
Let It Be,3NhuL85OfdMjl3hDRt4qpc,Let It Be,ANTH,4wfMyaoM1U8nnEvdI8BZnC,2022-12-09,1.0
Black Sabbath,7rntOZg7lWmAZUpQJM9aRT,Black Sabbath,The Soft Moon,40HeNm05FEAxGx8gUOV4my,2020-06-05,1.0
The Marshall Mathers LP,6t7956yu5zYf5A829XRiHC,The Marshall Mathers LP,Eminem,7dGJo4pcD2V6oG8kP0tJRR,2000-05-23,18.0
Freak Out!,14XskGyGbsFkXyX7Tb5zFd,Freak Out!,Teenage Bottlerocket,0mGyXXKzoR5KAAh4Mkef2W,2012-07-03,14.0
The Shape of Jazz to Come,2iPH3iUmpa9ufIpwY76keF,The Shape Of Jazz To Come,Ornette Coleman,47odibUtrN3lnWx0p0pk2P,1959,6.0
Automatic for the People,0BiNb8HYR4JvuxUa31Z58Q,Automatic For The People,R.E.M.,4KWTAlx2RvbpseOGMEmROg,1992-10-05,12.0
Reasonable Doubt,3YPK0bNOuayhmSrs0sIIBR,Reasonable Doubt,JAY-Z,3nFkdlSjzX9mRTtwJOzDYB,1996-06-25,15.0
Low,0igSzREsPxNFQJrFhhsl0j,Low,Lund,5uLkZ7FWMTBUg1corQqdkR,2018-04-28,1.0
The Blueprint,54I5tDCMjnNVWSENHg8EDH,The Blueprint,JAY-Z,3nFkdlSjzX9mRTtwJOzDYB,2001-09-11,15.0
The River,6YNIEeDWqC09YIWzhoSVLg,The River,Bruce Springsteen,3eqjTLE0HfPfh78zjh6TqT,1980-10-17,20.0
Complete & Unbelievable: The Otis Redding Dictionary of Soul,25uNcuL4dAoV62eKmr8Q0Y,Complete & Unbelievable: The Otis Redding Dictionary of Soul,Otis Redding,60df5JBRRPcnSpsIMxxwQm,1966-10-15,12.0
Whitney Houston,2MH37enG6IPvNK5QFLyKes,Whitney Houston,Whitney Houston,6XpaIBNiVzIetEPCWDvAFP,1985-02-14,10.0
The Kinks Are The Village Green Preservation Society,6o0u4pbxrUai7aPkizuzCp,The Kinks Are the Village Green Preservation Society,The Kinks,1SQRv42e4PjEYfPhS0Tk9E,1968-11-22,28.0
The Velvet Rope,1uFp52Q9EXLNA6DTRYnpTj,The Velvet Rope,Janet Jackson,4qwGe91Bz9K2T8jXTZ815W,1997-10-07,23.0
Stardust,38uGoW7jS8jjJMvZA26sRq,Stardust,Willie Nelson,5W5bDNCqJ1jbCgTxDD0Cb3,1978-04-01,10.0
American Beauty,7rqgm1BnAZ8I4d6hukpkdg,American Beauty,Grateful Dead,4TMHGUX5WI7OOm53PqSDAT,1970-06-01,10.0
"Crosby, Stills & Nash",6vUWpE8qciYHOhf7mgaGny,"Crosby, Stills & Nash","Crosby, Stills & Nash",2pdvghEHZJtgSXZ7cvNLou,1969-05-29,14.0
Tracy Chapman,6hmmX5UP4rIvOpGSaPerV8,Tracy Chapman,Tracy Chapman,7oPgCQqMMXEXrNau5vxYZP,1988-04-05,11.0
The Genius of Ray Charles,4GFWnwli2cVOBp2G1zqhV1,The Genius Of Ray Charles,Ray Charles,1eYhYunlNJlDoQhtYBvPsi,1959,12.0
Child Is Father to the Man,0OhNZ7R4dOqtDPLGp0jBAZ,Child Is Father To The Man,"Blood, Sweat & Tears",24GaH9tRBgZjlvOhpFuKi2,1968-02,15.0
Quadrophenia,3VL1GLo7tMCR1MCnkHitCt,Quadrophenia,Freestyle Drum And Bass,4DCZpvZEgPZfg5V8TLMd8B,2018-12-30,1.0
Paul Simon,7npBPiCHjPj8PVIGPuHXep,Paul Simon,Paul Simon,2CvCyf1gEVhI0mX6aFXmVI,1972-01-14,14.0
Psychocandy,0PnzJO3D4i85ALVJPaDpru,Psychocandy,The Jesus and Mary Chain,4rjlerN21ygkIhmUv55irs,1985-11-18,14.0
Some Girls,1Jv2AqzhgsduUik2p4k3cS,Some Girls,The Rolling Stones,22bE4uQ6baNwSHPVcDxLCe,1978-06-09,10.0
Dig Me Out,4w7Iat0odh3eiDerHJ6spx,Dig Me Out,Tony Halliwell,3KHdCVMnx4C1LOUdK2KAkF,2022-08-05,1.0
Going to a Go-Go,2NT1Pc0MXlXORHLBkHyKQW,Going To A Go-Go,Smokey Robinson & The Miracles,6TKOZZDd5uV5KnyC5G4MUt,1965-11-01,12.0
Nightbirds,5Zx4eUC5dTg6aufiSLQ6uo,Nightbirds,LaBelle,3DznKagEU8yMQZR9z33Da5,1974-09-13,10.0
The Slim Shady LP,0vE6mttRTBXRe9rKghyr1l,The Slim Shady LP,Eminem,7dGJo4pcD2V6oG8kP0tJRR,1999-02-23,20.0
Mothership Connection,4q1HNSka8CzuLvC8ydcsD2,Mothership Connection,Parliament,5SMVzTJyKFJ7TUb46DglcH,1975-12-15,7.0
Rhythm Nation 1814,4OD3LU6001esAtFshDX46M,Rhythm Nation 1814,Janet Jackson,4qwGe91Bz9K2T8jXTZ815W,1989-09-19,20.0
All That You Can't Leave Behind,7gskILm9UyDvFlmmAoqn2g,All That You Can't Leave Behind,U2,51Blml2LZPmy7TTiAg47vQ,2000-01-01,11.0
My Life,1OQ5l5rHKqUumPpn559zJC,My Life,Mary J. Blige,1XkoF8ryArs86LZvFOkbyr,1994-01-01,17.0
Folk Singer,3rUfs8unIEpyONLWdh5Bdq,Folk Singer,Nathan Moore,0BqWTpTaA1aGVO3YAhcikj,2009-08-17,8.0
Can't Get Enough,5FK3U7Ejyz82qsrGPaAxnr,Can't Get Enough,AQuilla,621tKWjhDvcdWjXEK1ZA3m,2010-12-10,3.0
The Cars,4tJPWT4r4FSKwy784Qs1Fq,The Cars,The Cars,6DCIj8jNaNpBz8e5oKFPtp,1978-06-06,9.0
Music of My Mind,7n0bcoRDylRw5PUKn2PlRJ,Music Of My Mind,Stevie Wonder,7guDJrEfX3qb6FEbdPA5qi,1972-03-03,9.0
Los Angeles,1qs5rB2gsrAWDLrUlyjFUD,Los Angeles,X,54NqjhP2rT524Mi2GicG4K,1980-04-26,9.0
Anthem of the Sun,4ZaIo647CyWAgow8oxqajh,Anthem of the Sun,Grateful Dead,4TMHGUX5WI7OOm53PqSDAT,1968,5.0
Call Me,18fOLsMG8Msf1DEaW0E71K,Call Me,Blondie,4tpUmLEVLCGFr93o8hFFIB,2004-01-01,5.0
The Basement Tapes,6BOlD6UGUg45IsUXPSplkY,The Basement Tapes,Bob Dylan,74ASZWbe4lXaubB36ztrGX,1975-06-26,24.0
White Light/White Heat,6N5EPz9nO2qeJ8uCN3X9Z7,White Light/White Heat,Benjamin Miller,19obdpGjGmK4z5SYsW3Z38,2021-07-13,1.0
Kick Out the Jams,4Cru5Cer4lljBfNmCz7Ikj,Kick Out the Jams,MC5,4WquJweZPIK9qcfVFhTKvf,2017-03-22,25.0
Songs of Love and Hate,2Om4oR7plGGub1aYe5uB7B,Songs Of Love And Hate,Leonard Cohen,5l8VQNuIg0turYE1VtM9zV,1971-03-19,8.0
Meat Is Murder,5DM1qCdgGt2zbknnsVn1Ca,Meat Is Murder,The Smiths,3yY2gUcIsjMr8hjo51PoJ8,1985-02-11,9.0
The College Dropout,4Uv86qWpGTxf7fU7lG5X6F,The College Dropout,Kanye West,5K4W6rqBFWDnAN6FQUkS6x,2004-02-10,21.0
Master of Reality,3zwWjMpVEhD9y1MW5SMfsF,Master of Reality,Lil Baphomet,3jfn3YbUZfGMNXj2GePzxu,2016-09-13,10.0
Coat of Many Colors,44dncCBiOODhAa9L0UCvoE,COAT OF MANY COLORS,Brandon Lake,1bdnGJxkbIIys5Jhk1T74v,2023-10-20,16.0
Fear of a Black Planet,0aFNb4RDk2hmKKLa0bzXNz,Fear Of A Black Planet,Public Enemy,6Mo9PoU6svvhgEum7wh2Nd,1990-04-10,20.0
John Wesley Harding,2KzCDxKpgLqBffHu1IZ7Kn,John Wesley Harding,Bob Dylan,74ASZWbe4lXaubB36ztrGX,1967-12-27,12.0
Grace,7yQtjAjhtNi76KRu05XWFS,Grace,Jeff Buckley,3nnQpaTvKb5jCQabZefACI,1994,11.0
Car Wheels on a Gravel Road,3iC6dJobZulVXp0F4Bojig,Car Wheels On A Gravel Road,Lucinda Williams,60ht0hWRy1yjUDfNsLuHuP,1998-01-01,13.0
Odelay,1Pus5h1qGedCn4CtOuPVtp,Odelay,Beck,3vbKDsSS70ZX9D2OcvbZmS,1996-06-18,14.0
A Hard Day's Night,5fgB4uomOY2zDA5USRAOcd,A Hard Day's Night,The Boy from the South,0YSFw7zXzSXhzCIQsiZNvW,2021-10-22,1.0
Willy and the Poor Boys,5hW8vgOySUKEglHdGmNALK,Willy And The Poor Boys,Creedence Clearwater Revival,3IYUhFvPQItj6xySrBmZkd,1969-11-03,10.0
Blood Sugar Sex Magik,1DCI2yWmV4UI7Aga71yx9B,Blood Sugar Sex Magik,Red Hot Chili Peppers,0L8ExT028jH3ddEcZwqJJ5,1991-09-24,17.0
Nothing's Shocking,4DVBJPJyizvHfJQt5pYaCa,Nothing's Shocking,Jane's Addiction,02NfyD6AlLA12crYzw5YcR,1988-08-23,11.0
MTV Unplugged in New York,1To7kv722A8SpZF789MZy7,MTV Unplugged In New York,Nirvana,6olE6TJLqED3rqDCT0FyPh,1994-11-01,14.0
The Miseducation of Lauryn Hill,1BZoqf8Zje5nGdwZhOjAtD,The Miseducation of Lauryn Hill,Ms. Lauryn Hill,2Mu5NfyYm8n5iTomuKAEHl,1998-08-25,16.0
Damn the Torpedoes,54HN1YJ7wOAKxekOnOjW26,Damn The Torpedoes,Tom Petty,2UZMlIwnkgAEDBsw1Rejkn,1979-10-19,9.0
Surfer Rosa,50j4Wm1b9hLpSpPIA39Vp9,Surfer Rosa,Pixies,6zvul52xwTWzilBZl6BUbT,1988-03-21,13.0
Back Stabbers,09jTPeDoSuJLLAwFGNUKCX,Back Stabbers,The O'Jays,38h03gA85YYPeDPd9ER9rT,1972-01-01,10.0
Burnin',3H0HdocoAAEEfiDfcRZauz,Burnin',John Lee Hooker,1yNOfXGQNGjAynk77wv85x,1962-01-01,11.0
Amnesiac,1HrMmB5useeZ0F5lHrMvl0,Amnesiac,Radiohead,4Z8W4fKeB5YxbusRsdQVPb,2001-03-12,11.0
Pink Moon,5mwOo1zikswhmfHvtqVSXg,Pink Moon,Nick Drake,5c3GLXai8YOMid29ZEuR9y,1972-02-25,11.0
Sail Away,6JFD9WU1ZSYZOJlDpRtZ71,sail away,lovelytheband,4KJ6jujcNPzOyhdNoiNftp,2022-06-24,1.0
Ghost in the Machine,2XzDAFEkcrbYuje6z9gzOS,Ghost in the Machine,Shadrow,2fZ2nHEB3va8LTHXX8oKgU,2023-10-27,1.0
Station to Station,4i4CnRdz95AcmWxn2qnRFX,Station to Station,Blue-Sky Spirits,0Elm2baWq5dwK5VZJPY8Em,2012-10-26,5.0
Slowhand,6tzwnI360OXJyQRskrGHid,Slowhand,Audioleptika,7cTFl5VSATz4bYahxNj38p,2015-12-03,2.0
Disintegration,7pj6qNEFHqIQXPY0beEMTQ,Disintegration,Behold the Void,3sxZdmC6MpwbkS8QMQ7fGk,2020-06-25,10.0
Daydream Nation,1nVJ2rNgl9Ow6f04woiRgE,Daydream Nation,Daydream Nation,7MnIjILER7AHfZNTvWCwVn,2004-03-09,10.0
In the Jungle Groove,4IxN6AdKM6psncLNIwLWUs,In The Jungle Groove,James Brown,7GaxyUddsPok8BuhxN6OUW,1986-08-25,9.0
Help!,6GH2Oi7zWgZsVKLz9IRLH6,HELP!,Brandon Lake,1bdnGJxkbIIys5Jhk1T74v,2022-05-13,10.0
Shoot Out the Lights,4xX94uM6Kf972DJurGKnbb,Shoot Out The Lights,Richard & Linda Thompson,4hw4TPMyAzHqNBcWtoDrK5,1982,8.0
Wild Gift,2ECSVdWu5RCvYqIRGA0pyR,Wild Gift,X,54NqjhP2rT524Mi2GicG4K,1981-05-05,13.0
Superunknown,7kAAKJZDimkoSQbs5OciZN,Superunknown,Superunknown,49r8pxjSDAIDfU0F5eCpV0,2020-08-28,2.0
In Rainbows,5vkqYmiPBYLaalcmjujWxK,In Rainbows,Radiohead,4Z8W4fKeB5YxbusRsdQVPb,2007-12-28,10.0
Aqualung,4ABoepBMa9pG5ZRqWicwgW,Aqualung,Jethro Tull,6w6z8m4WXX7Tub4Rb6Lu7R,1971-03-19,25.0
Cheap Thrills,2rogKfOpmCFuqNhtGKf2dX,Cheap Thrills,Big Brother & The Holding Company,4J69yWrKwWJgjv3DKTZcGo,1968-08-12,11.0
Damaged,34aFnrFRBlErcbU6moRZR3,Damaged,Black Flag,5Mhs3Eu8lU6sRCtRYsmABV,1981,15.0
Play,4rvldOPGXisTvIYXwbFNix,PLAY,RL Grime,5eIbEEQnDM8yuDVB0bimSP,2023-09-15,24.0
Violator,6ZotrlD9ZSBFiiYeZ1YSZP,Violator,Vredehammer,5ket6f4XIg8c3nT5gjQ6Io,2016-03-18,7.0
Bat Out of Hell,6mvI80w5r78niBmwtu7RF9,Bat Out Of Hell,Meat Loaf,7dnB1wSxbYa8CejeVg98hz,1977-10-21,7.0
Berlin,07YXxZ7RYDcwZ15HfahV8i,Berlin,Ka$hhh,4K4riuuCLdm8zam6CGw1i4,2023-09-15,11.0
Stop Making Sense,5TqFf25nbtXba9iS3Uat7K,Stop Making Sense,Love Ssega,5NxG91O2LcOKUktBYVWiWd,2019-01-30,1.0
3 Feet High and Rising,34LxHI9x14qXUOS8AWRrYD,3 Feet High and Rising,De La Soul,1Z8ODXyhEBi3WynYw0Rya6,1989-03-03,23.0
The Piper at the Gates of Dawn,2Se4ZylF9NkFGD92yv1aZC,The Piper at the Gates of Dawn,Pink Floyd,0k17h0D3J5VfsdmQ1iZtE9,1967-08-05,11.0
Muddy Waters at Newport 1960,7gTcPv1bE0THbjuvDbK1gq,Muddy Waters At Newport 1960,Muddy Waters,4y6J8jwRAwO4dssiSmN91R,1960-11-15,13.0
The Black Album,4FWvo9oS4gRgHtAwDwUjiO,The Black Album,JAY-Z,3nFkdlSjzX9mRTtwJOzDYB,2003-11-14,14.0
Roger the Engineer,3s6wTRMDispMa4gCd26FPc,Roger the Engineer,The Yardbirds,2lxX1ivRYp26soIavdG9bX,1966-07-15,31.0
Rust Never Sleeps,3RKaB7xdcq9rMMYNvd2Cs3,Rust Never Sleeps,Secret Character,15r7EpXfZNfVB8RxujS3CR,2022-01-01,3.0
Brothers in Arms,7jvcSnCnugLcisBCNBm60s,Brothers in Arms,Dire Straits,0WwSkZ7LtFUFjGjMZBMt6T,1985-05-13,9.0
My Beautiful Dark Twisted Fantasy,20r762YmB5HeofjMCiPMLv,My Beautiful Dark Twisted Fantasy,Kanye West,5K4W6rqBFWDnAN6FQUkS6x,2010-11-22,13.0
52nd Street,1HmCO8VK98AU6EXPOjGYyI,52nd Street,Billy Joel,6zFYqv1mOsgBRQbae3JJ9e,1978-10-13,9.0
12 Songs,0wK1Qr64JdEH53eQyhad6v,12 Songs,Cory Branan,0uzmoK3E1j2Cvl9XkFs1JR,2006-03-21,12.0
Between the Buttons,36BIYdP4WtviD9Ngqc4SK5,Between The Buttons,The Rolling Stones,22bE4uQ6baNwSHPVcDxLCe,1967-01-20,12.0
Sketches of Spain,2xyhltm9XWSQ5xok4C81BD,Sketches of Spain,Gil Evans,7g9DeYASD3RzlT4kDchsQZ,1960-07-18,5.0
Singles Going Steady,6TxgQwGrbG3XZLNPOEhg7E,Singles Going Steady,Buzzcocks,2DxlS3lTLFIq70S7ap5H3y,1979,24.0
Stankonia,2tm3Ht61kqqRZtIYsBjxEj,Stankonia,Outkast,1G9G7WwrXka3Z1r7aIDjI7,2000-10-31,24.0
Siamese Dream,0ru8LiiyWfkrHIqh0nSUTA,Siamese Dream,Fruit Bats,6Qm9stX6XO1a4c7BXQDDgc,2021-07-23,13.0
L.A. Woman,7IKUTIc9UWuVngyGPtqNHS,L.A. Woman,The Doors,22WZ7M8sxp5THdruNY3gXt,1971-04-19,10.0
Rage Against the Machine,4LaRYkT4oy47wEuQgkLBul,Rage Against The Machine,Rage Against The Machine,2d0hyoQ5ynDBnkvAbJKORj,1992-11-03,10.0
American Recordings,19rYWxZfMdEOxTDODFjLyb,American Recordings,Johnny Cash,6kACVPfCOnqzgfEF5ryl0x,1994-01-01,13.0
Ray of Light,6cuNyrSmRjBeekioLdLkvI,Ray of Light,Madonna,6tbjWDEIzxoDsBA1FuhfPW,1998-03-03,13.0
Eagles,2nDXZzdlRdOJy6wb8qWViK,Eagles,Ruben Hein,2O4jyeF4uyGLsGcjY49zbS,2023-07-28,1.0
Louder Than Bombs,45StnugV9WQMQwk4rRoTy8,Louder Than Bombs,The Smiths,3yY2gUcIsjMr8hjo51PoJ8,1987,24.0
"Whatever People Say I Am, That's What I'm Not",50Zz8CkIhATKUlQMbHO3k1,"Whatever People Say I Am, That's What I'm Not",Arctic Monkeys,7Ln80lUS6He07XvHI8qqHH,2006-01-29,13.0
Volunteers,5SxBU3zQaLOq5eapsG3jFQ,Volunteers,Jefferson Airplane,2qFr8w5sWUITRlzZ9kZotF,2004-06-18,15.0
Siren,4VVcfdD0w5pUHN96udQQsi,Siren,Kailee Morgue,245PKF3hKjtxJKIG153kF0,2018-08-24,1.0
Late for the Sky,53brw1z0TV0POlTGG1IMZp,Late For The Sky,Quizzy $tyles,5zjZ00N8eGpEVkqlSWhQOD,2021-01-27,6.0
Post,2Ul7B1LEHxXzYubtkTMENs,Post,Björk,7w29UYBi0qsHi5RTcv3lmA,1995-06-13,11.0
(What's the Story) Morning Glory?,2u30gztZTylY4RG7IvfXs8,(What's The Story) Morning Glory?,Oasis,2DaxqgrOhkeH0fpeiQq2f4,1995-10-02,12.0
CrazySexyCool,5eg56dCpFn32neJak2vk0f,Crazysexycool,TLC,0TImkz4nPqjegtVSMZnMRq,1994-11-15,16.0
Funky Kingston,7a341nZsSfwyBsq1tMPETz,Funky Kingston,Toots & The Maytals,6ZFv3wQwwWPiVDWhv0mjQK,1973-01-01,10.0
The Smile Sessions,5SKIMMI6ilJTGOLd69Q9aM,The Smile Sessions,The Beach Boys,3oDbviiivRWhXwIE8hxkVV,2011-01-01,139.0
More Songs About Buildings and Food,39jsLMRmrTpfdq2vE4TCUe,More Songs About Buildings and Food,Talking Heads,2x9SpqnPi8rlE9pjHBwmSC,1978-07-14,11.0
A Quick One,3DNPddXQQ3VfK3DOjYNzCZ,A Quick One,GuyThatDoesMusic,4EVEDeuMzCoSjdVN3AoIyv,2022-06-22,2.0
Pretzel Logic,4XfN871nBIz6obaUDEzZXm,Pretzel Logic,Steely Dan,6P7H3ai06vU1sGvdpBwDmE,1974-02-20,11.0
The Indestructible Beat of Soweto,7rCeBvmSSKOc36ktul1zfv,The Indestructible Beat of Soweto,Bekom,6GUrCt1ablvH0B5C40ogVp,2022-09-14,30.0
The End of the Innocence,12lDqJuZIqMk6DNe1fInFl,The End Of The Innocence,Don Henley,5dbuFbrHa1SJlQhQX9OUJ2,1989-06-27,10.0
Elephant,6D9urpsOWWKtYvF6PaorGE,Elephant,The White Stripes,4F84IBURUo98rz4r61KF70,2003-04-01,14.0
The Pretender,1AqUcQKtf2AQ6rFRKIBei8,The Pretender,Jackson Browne,5lkiCO9UQ8B23dZ1o0UV4m,1977-08-30,8.0
Kala,2xoj2gYed3IYmGWn3owSfu,Kala,M.I.A.,0QJIPDAEDILuo8AIq3pMuU,2007-08-20,12.0
Good Old Boys,4UY90kcO4N9ZPBl4xPLvvU,Good Old Boys,Randy Newman,3HQyFCFFfJO3KKBlUfZsyW,1974,13.0
Sound of Silver,1R8kkopLT4IAxzMMkjic6X,Sound of Silver,LCD Soundsystem,066X20Nz7iquqkkCW6Jxy6,2007-03-12,9.0
For Your Pleasure,0rHJ7WovNY23g8QRKHCUMw,For Your Pleasure,Walter Beasley,6tBzJqpqRAPyJFR4Rq0yBP,1998-08-18,10.0
Blue Lines,5KKKeDB28viWm7uoDdRrgR,Blue Lines,Vorxdub,6DY0dexcQxzOk5piz7kUbg,2023-04-02,1.0
Eliminator,5LMGAYhn2ywaxGZdtmXGpw,Eliminator,ZZ Top,2AM4ilv6UzW0uMRuqKtDgN,1983-03-23,11.0
Rain Dogs,0yEtf1zE344dTflQAEi6bq,Rain Dogs,Demi the Daredevil,77s45paaVsbPjByV4WjhZe,2022-10-21,1.0
Californication,0fLhefnjlIV3pGNF9Wo8CD,Californication,Red Hot Chili Peppers,0L8ExT028jH3ddEcZwqJJ5,1999-06-08,15.0
Illmatic,3kEtdS2pH6hKcMU9Wioob1,Illmatic,Nas,20qISvAhX20dpIbOOzGK3q,1994-04-19,10.0
Dr. John's Gumbo,15jDv2HgLoilWgd4KWaLQn,Dr. John's Gumbo,Dr. John,320TrJub4arztwXRm7kqVO,1972,12.0
Radio City,3mtVgumHx6y9I2UvW4lUd5,Radio City,Big Star,3UvcmAOZt64oKpP95f6MMM,1974,12.0
Rid of Me,2fDJpBJhtloxzUENHlU9JB,Rid Of Me,PJ Harvey,12VaqyEhgwDRuFfEqbnrpz,1993-01-01,14.0
I Do Not Want What I Haven't Got,0fV9DAddjwNZcmCP1Q8b01,I Do Not Want What I Haven't Got,Sinéad O'Connor,4sD9znwiVFx9cgRPZ42aQ1,1990-07-01,10.0
Strange Days,6v5IVMmY1IvWtbfnQoiFSf,Strange Days,The Doors,22WZ7M8sxp5THdruNY3gXt,1967-09-25,10.0
Time Out of Mind,185DHT5SvszXRrezx3lOjt,Time Out Of Mind,Bob Dylan,74ASZWbe4lXaubB36ztrGX,1997-09-30,11.0
461 Ocean Boulevard,73cxqemPE6sVoCkwRuPU6E,461 Ocean Boulevard,Eric Clapton,6PAt558ZEZl0DmdXlnjMgD,1974-07-01,10.0
Pink Flag,01G6d8qmOwIImZDl7bctck,PINK FLAG,AJHorrible,2PcDPV6gOJt9P7UPVNLQm0,2022-08-12,8.0
Double Nickels on the Dime,5viZ5HyYtV0wafK7DoXmgF,Double Nickels on the Dime,Minutemen,0z6zRFzl5njXWLVAisXQBz,1984-07-24,43.0
Beauty and the Beat,1L4HE00En7eNK74voVZums,Beauty And The Beat,The Go-Go's,2mG8HHQ9S9kcbjcrb5N1FE,1981-01-01,11.0
Van Halen,5czAsxlijMjUM4cr9HjDLU,Van Halen,Geographer,5vvvgOwPjA4R5t07ZXLLwZ,2023-06-09,3.0
Band on the Run,0C3KlTQIgU6CcyoNji3XUg,Band on the run,The Beats and more,02PIkpHPVjo32AcS9pemms,2022-01-06,1.0
Dummy,3539EbNgIdEDGBKkUf4wno,Dummy,Portishead,6liAMWkVf5LH7YR9yfFy1Y,1994-01-01,11.0
Presenting the Fabulous Ronettes Featuring Veronica,0CoNLgOwcZGBUSwd9fAZuy,Presenting the Fabulous Ronettes Featuring Veronica,The Ronettes,7CyeXFnOrfC1N6z4naIpgo,1964-11-01,12.0
Anthology,3eI6PUZit1cF2ty6l7sXjI,Anthology,Nitty Gritty Dirt Band,7y70dch6JuuuNnwlsOQvwW,2017-09-29,39.0
The Rising,23vzCh5cDn0LzdGmGWrT1d,The Rising,Bruce Springsteen,3eqjTLE0HfPfh78zjh6TqT,2002-07-30,15.0
Grievous Angel,6UQujMGmR5MbFsML9amCuN,Grievous Angel,Gram Parsons,1KA3WXYMPLxomNuoE22LYd,1974,9.0
Sleepless,2d5mKkSWO8rz96HFrdLPZ9,Sleepless,AVAION,5oJvmyeWzyeahRtjup3Oys,2022-05-27,2.0
Another Green World,6uoeezh45SYEb8lcT8gDTY,Another Green World,Brian Eno,7MSUfLeTdDEoZiJPDSBXgi,1975-09-01,14.0
Vampire Weekend,7n8NJkGKAl2np1bXiRn0CY,Vampire Weekend,Vampire Weekend,5BvJzeQpmsdsFp4HGUYUEx,2008-01-29,11.0
"Stories From the City, Stories From the Sea",0hBWhJEmVyNPG2Jq71CJXz,"Stories From The City, Stories From The Sea",PJ Harvey,12VaqyEhgwDRuFfEqbnrpz,2000-01-01,12.0
Here Come the Warm Jets,74jn28Kr29iyh8eZXSvnwi,Here Come The Warm Jets,Brian Eno,7MSUfLeTdDEoZiJPDSBXgi,1973,10.0
All Things Must Pass,3YfIqI6i6Zx5rLsZIO7kmY,ALL THINGS MUST PASS,whoo,2PhFw7yt46F2dU8PV2eGpz,2017-09-13,24.0
In Utero,7wOOA7l306K8HfBKfPoafr,In Utero,Nirvana,6olE6TJLqED3rqDCT0FyPh,1993-09-21,12.0
Sea Change,5ieP11rJQvuYz0Ov3k03cy,Sea Change,Beck,3vbKDsSS70ZX9D2OcvbZmS,2002-01-01,12.0
Tha Carter III,5BGzOpea6At0Nd7tYtYZOP,Tha Carter III,Lil Wayne,55Aa2cqylxrFIXC767Z865,2008-06-10,16.0
Boys Don't Cry,5ZO41aiZvwUanT9qKPcriR,Boys Don't Cry,Rels B,2IMZYfNi21MGqxopj9fWx8,2016-09-25,11.0
Rum Sodomy & the Lash,5uy9pvgfvVAlZnegK6fPLU,Rum Sodomy & The Lash,The Pogues,2wzMOQwNT6ZvVB4amvhFAH,1985,13.0
Suicide,0EIQdSr5fqyTAiz5KfAaea,Suicide,DC The Don,3YYbAExunnHv5pW7GUZefk,2022-10-14,1.0
Q: Are We Not Men? A: We Are Devo!,1u2Qni8cVRptDTaA00fmBC,Q: Are We Not Men? A: We Are Devo!,DEVO,0UKfenbZb15sqhfPC6zbt3,1978,11.0
In Color,2sXJQdHykPYcRQ7xFhwzMR,In Color,Cheap Trick,1LB8qB5BPb3MHQrfkvifXU,1977-09,10.0
The World Is a Ghetto,4UZmpGH8kpAgyZ2yqQ8sP9,The World is a Ghetto,War,3ICyfoySNDZqtBVmaBT84I,1972-11-01,6.0
Fly Like an Eagle,0fjJOLqG3v7vXRYhz2wxPC,Fly Like An Eagle,Steve Miller Band,6QtGlUje9TIkLrgPZrESuk,1976-01-01,12.0
Back in the USA,67NkpPGMcxoIiumOW3oRpL,Back In The USA,MC5,4WquJweZPIK9qcfVFhTKvf,1970,11.0
Getz / Gilberto,3lqtgKBuOEP6IcYq2qpoEb,Getz / Gilberto,ISAN IRFANDI,5esdE6GazQvt6BQMhFLeOA,2023-04-29,1.0
Synchronicity,3K5o4pXNsxdxW8MEn2jtel,Synchronicity,Ellie-May Robertson,7Ce1uDyyat0uJpzu7CDaEI,2021-05-14,2.0
For Everyman,12X80pgkHSjMDgAAS0HBdr,For Everyman,Jackson Browne,5lkiCO9UQ8B23dZ1o0UV4m,1973,10.0
Back to Black,097eYvf9NKjFnv4xA9s2oV,Back To Black,Amy Winehouse,6Q192DXotxtaysaqNPy5yR,2006-10-27,11.0
John Prine,5t4FHrIAHI8nolSAOBRgPp,John Prine,John Prine,0nJUwPwC9Ti4vvuJ0q3MfT,1971,13.0
Strictly Business,2HOl8gDiGGpt7wsIDi9jy5,Strictly Business,EPMD,3zpKjsMg2gw1St5WcWoUJN,1988-06-07,10.0
Love It to Death,6p7jHbG5Bd6z2JgfKx0um7,Love It to Death,Alice Cooper,3EhbVgyfGd7HkpsagwL9GS,1971,9.0
How Will the Wolf Survive?,5dl01XDIMXrmjJ22obqfhQ,How Will the Wolf Survive?,Los Lobos,6OWapcJm9xd55ci9CYbAuT,1984-10-17,11.0
"Here, My Dear",1iVf41qWHZsAk9DwY43WnV,"Here, My Dear",Marvin Gaye,3koiLjNrgRTNbOwViDipeA,1978-12-15,14.0
Z,2qCyMMQ785sPH4Yx25GQZ8,Z,SZA,7tYKF4w9nC0nq9CsPZTHyP,2014-04-08,10.0
Tumbleweed Connection,03zfU3IwWmymKoaWnwFNaY,Tumbleweed Connection,Elton John,3PhoLpVuITZKcymswpck5b,1970-10-30,12.0
Live Through This,2Rwf2nPYZQ9aIe4QXACTC7,Live Through This,Hole,5SHQUMAmEK5KmuSb0aDvsn,1994-01-01,12.0
Metal Box,7zO7Q72nwUjjKkW2glCXbq,METAL BOX,Rain,6QONT9IlJdIzgVKsQZixEy,2008-04-09,11.0
Heaven Up Here,29rkfL25uKOkVOhyr1CmXJ,Heaven up Here,Echo & the Bunnymen,0fgYKF9Avljex0L9Wt5b8Z,1981-05-30,11.0
Hysteria,1ja2qzCrh6bZykcojbZs82,Hysteria,Def Leppard,6H1RjVyNruCmrBEWRbD0VZ,1987-08-03,12.0
69 Love Songs,2GuROKcqyHdpIDcgxml1C7,69 Love Songs,The Magnetic Fields,6RWjTQqILL7a1tQ0VapyLK,1999-09-14,69.0
A Rush of Blood to the Head,0RHX9XECH8IVI3LNgWDpmQ,A Rush of Blood to the Head,Coldplay,4gzpq5DPGxSnKTe4SA8HAU,2002-08-08,11.0
Tunnel of Love,5Qcef60m4gcckV24PmPYVq,Tunnel Of Love,Bruce Springsteen,3eqjTLE0HfPfh78zjh6TqT,1987-10-09,12.0
The Paul Butterfield Blues Band,785WNIAl2zC3OZ6XHjFaIG,The Paul Butterfield Blues Band,The Paul Butterfield Blues Band,6kz7WuPaUa4QVreP27I33i,1965,11.0
The Score,4z6F5s3RVaOsekuaegbLfD,The Score,Fugees,2WKdxPFRD7IqZvlIAvhMgY,1996-02-13,15.0
I Want to See the Bright Lights Tonight,1K1Qdd60pW48wEgWGQLeRt,I Want To See The Bright Lights Tonight,Richard & Linda Thompson,4hw4TPMyAzHqNBcWtoDrK5,1974,13.0
Faith,2MlT9dGKoGH2hsfcz7UUXL,Faith,Pop Smoke,0eDvMgVFoNV3TpwtrVCoTj,2021-07-16,20.0
The Smiths,6cI1XoZsOhkyrCwtuI70CN,The Smiths,The Smiths,3yY2gUcIsjMr8hjo51PoJ8,1984-02-20,11.0
Armed Forces,0SCCyytpH3s6u1DSDEZbmN,Armed Forces,Splitting Sommer,7vBNNO5y6Nsunv5cc7mwDZ,2023-08-03,10.0
Life After Death,1WImPglJycAdHQ79c8yRH8,Life After Death,TobyMac,5VX8hxrcfJWwaTLiqGUHG3,2022-11-11,15.0
Down Every Road,4XtyzFCp2tAOynVSQLZMOf,Down Every Road,"Eli ""Paperboy"" Reed",37D1QyrEFNkcv0f62xo46x,2022-04-29,12.0
All Time Greatest Hits,6DLnBf2xooYa5UniuggpnD,All Time Greatest Hits,Eddie Rabbitt,0jgAONnsHxrwAlhkMUVS78,1991,10.0
Maggot Brain,3ywVzrwMQ3Kq43N9zBdBQm,Maggot Brain,Funkadelic,450o9jw6AtiQlQkHCdH6Ru,1971-07-12,7.0
Voodoo,2lO9yuuIDgBpSJzxTh3ai8,Voodoo,D'Angelo,336vr2M3Va0FjyvB55lJEd,2000-01-01,13.0
Guitar Town,3bEnaGjQRqfoqNkAQtO1Uy,Guitar Town,Steve Earle,2UBTfUoLI07iRqGeUrwhZh,1986-01-01,10.0
Entertainment!,7LMOo068Ndv0wjTGUDtYqK,Entertainment!,Gang Of Four,3AmWjMXXtBJOmNGpUFSOAl,1979-09-25,12.0
All the Young Dudes,5rMgrctAvvJAw0B0J5iOnU,All The Young Dudes,Phil Pendlebury,2SwCFPOsyW9RLX27oTlw5Z,2020-12-20,1.0
Vitalogy,5pd9B3KQWKshHw4lnsSLNy,Vitalogy,Pearl Jam,1w5Kfo2jwwIPruYS2UWh56,1994-11-22,17.0
She's So Unusual,1FvdZ1oizXwF9bxogujoF0,She's So Unusual,Cyndi Lauper,2BTZIqw0ntH9MvilQ3ewNY,1983-10-14,10.0
New Day Rising,2eOu9QDLP2MoO04ZtII2Vm,New Day Rising,Hüsker Dü,16bN8mhtDFdegWbg0z3s10,1985-01-01,15.0
Destroyer,59plsPcJYFlSA5ImekNQJ0,Destroyer,KISS,07XSN3sPlIlB2L2XNcTwJw,1976-03-15,10.0
Born Under a Bad Sign,42WQ76qWDQmHlHvJa6Z3Uw,Born Under A Bad Sign,Albert King,5aygfDCEaX5KTZOxSCpT9o,1967,11.0
Touch,2PFK4dMZkqUQfxfSrK8WMf,Touch,Amerie,08rMCq2ek1YjdDBsCPVH2s,2005,13.0
Yankee Hotel Foxtrot,0rPtXOMN42nsLDiShvGamv,Yankee Hotel Foxtrot,Wilco,2QoU3awHVdcHS8LrZEKvSM,2002-04-16,11.0
Oracular Spectacular,6mm1Skz3JE6AXneya9Nyiv,Oracular Spectacular,MGMT,0SwO7SWeDHJijQ3XNS7xEE,2007-12-14,10.0
Give It Up,5DJ33SIMoSKBJg2Y4uQc7p,Give It Up,Kolton Moore & the Clever Few,14V8ZRhL66NIzXAmYtQ8Vj,2023-10-27,1.0
Boz Scaggs,4i1GgeitxAC8fy48Cwcl54,Boz Scaggs,Boz Scaggs,46njgd2Rq9tZc4ZjeQMgbh,1969,9.0
White Blood Cells,6Xvc1TfpVEhDeHhmTQEtp0,White Blood Cells,The White Stripes,4F84IBURUo98rz4r61KF70,2001-07-03,16.0
The Stone Roses,0um9FI6BLBldL5POP4D4Cw,The Stone Roses,The Stone Roses,1lYT0A0LV5DUfxr6doRP3d,1989-05-02,12.0
Live in Cook County Jail,3mCS3cMduOlki845XA4gDZ,Live In Cook County Jail,B.B. King,5xLSa7l4IV1gsQfhAMvl0U,1971-01-01,8.0
Aquemini,5ceB3rxgXqIRpsOvVzTG28,Aquemini,Outkast,1G9G7WwrXka3Z1r7aIDjI7,1998-09-29,16.0
The Bridge,2SX47JWeyg4hlKfYwQ3AdA,The Bridge,Maren Morris,6WY7D3jk8zTrHtmkqqo5GI,2023-09-15,2.0
Van Halen III,2wqTlagAdAEh89tMuToml0,Van Halen III,Van Halen,2cnMpRsOVqtPMfq7YiFE6K,1998-03-17,12.0
Built to Last,23XiIM9QKyC9urzQbTidGE,Built To Last,Arrows in Action,467o5z7PYxbXFAGA0mvhAQ,2023-05-26,13.0
Idlewild,3L6JBfRxhzGzhhRDlTEdBz,Idlewild,Outkast,1G9G7WwrXka3Z1r7aIDjI7,2006-08-22,25.0
Countryman,77pIdRuNu9xRYk6BB6l9nI,Countryman,Willie Nelson,5W5bDNCqJ1jbCgTxDD0Cb3,2005-01-01,12.0
Around the Sun,5CI03g8QNehnEWXAhRtw0s,Around The Sun,R.E.M.,4KWTAlx2RvbpseOGMEmROg,2004-01-01,13.0
St. Anger,4ljK2LVKvEPd5xPgUJn0Bs,St. Anger,Metallica,2ye2Wgw4gimLv2eAKyk1NB,2003-06-05,11.0
Cut the Crap,3E01XjnmC1HdxTE8dPuEkn,Cut The Crap,The Clash,3RGLhK1IP9jnYFH4BRFJBS,1985-11-04,12.0
Calling All Stations,2XRy88bXI7Nd7ObnLXzoJD,Calling All Stations,Genesis,3CkvROUTQ6nRi9yQOcsB50,1997-09-01,11.0
Changes,3Ull45eHLzGXtElhKHFJ7C,Changes,Vacations,0U7iI0Dk4Ojvi17nZboNO4,2018,10.0
Chaos and Disorder,6mFvuRlPtmwXLhh2qdzTI7,Chaos and Disorder,Prince,5a2EaR3hamoenG9rDuVn8j,1996-07-09,11.0
Time,63TYyeXlBYoYKNvE6rT3hI,Time,Mr.Kitty,0pWwt5vGNzezEhfAcc420Y,2014-10-06,15.0
Music From The Elder,1h1L289HfgEdSji0vu6w2g,Music from the Elder,Nocturnal Solace,3dfyIXPlHfOFS5SDBMW9KH,2023-08-06,3.0
Psychoderelict,0q3FViNIlVmYObIGAXbNhK,Psychoderelict,Pete Townshend,24Wa5wIZIo1sPkzVGP0B5p,1993-06-15,21.0
Nine Lives,1WEfOTItaPIa0dVxxLJqlI,Nine Lives,Aerosmith,7Ey4PD4MYsKc5I2dolUwbH,1997-03-18,13.0
Liz Phair,0rbgxvTKe3Y4VRar4sIYzT,Liz Phair,Liz Phair,2LXeJdQVcFkhkWydphLI74,2003-01-01,14.0
Raditude,2wJ1m0RNk8CEDyPNFK6JDa,Raditude,Weezer,3jOstUTkEu2JkjvRdBA5Gu,2009-11-03,10.0
Give My Regards to Broad Street,2AtvtW3U8dv9C61S88M2w8,Give My Regards To Broad Street,Paul McCartney,4STHEaNw4mPZ2tzheohgXB,1984-10-22,15.0
Dog Eat Dog,6EL1CpUnemPFyu30uPEu9N,Dog Eat Dog,Tommy Lefroy,3vldh5Ceynytj6Iglw4haP,2022-07-27,1.0
Brothers of the Road,6c7Tr0ltE8TX2x3loUeFgW,Brothers Of The Road,Allman Brothers Band,4wQ3PyMz3WwJGI5uEqHUVR,1981-08,10.0
Crown Royal,1s8DfGDgydp7XFCkSiMYZb,Crown Royal,Run–D.M.C.,3CQIn7N5CuRDP8wEI7FiDA,2001-04-03,12.0
American Life,6makHXbA3KBYNlYEPXyFJW,American Life,Madonna,6tbjWDEIzxoDsBA1FuhfPW,2003-04-22,11.0
Fork in the Road,3u5KHo4q2j8QEsp1mePjes,Fork In The Road,The Infamous Stringdusters,7yTltkMBvChBkA86Tz8WfW,2007-01-01,12.0
Rebirth,2v3xdUz73rd6Nness5SSIh,Rebirth,Lil Wayne,55Aa2cqylxrFIXC767Z865,2009-01-01,12.0
The Doctor,0L85D5LQxwRM6Di9YVJUJ9,The Doctor,Beenie Man,4L3GTE04bW5N7azA9QPhjA,1999,14.0
Full Circle,63a1DgGeNsC197MCiV0X0i,Full Circle,Creed,43sZBwHjahUvgbx1WNIkIz,2009-01-01,12.0
Speeding Time,6lKblzPniPSFL5LetqvyhZ,Speeding Time,Carole King,319yZVtYM9MBGqmSQnMyY6,1983,10.0
Gone Troppo,6TucZUr2aTGFXxJpPMFWAu,Gone Troppo,Drunk Mums,1vd7OHxzKOJeFKjN1M7VTb,2015-09-04,14.0
Mistrial,18X1MIMcwyDPIjrwn00p7e,Mistrial,Lou Reed,42TFhl7WlMRXiNqzSrnzPL,1986-06-26,10.0
Never Let Me Down,0Bukf9slmCY0nPhy80GzEQ,Never Let Me Down,VIZE,09agIJMxCD2k87ys9Al0f0,2020-04-24,1.0
Right By You,4WVn7HT02NfFnztgLEpvw1,Right By You,Mason Horne,341ntJveJBpKhKj316dttw,2022-09-16,1.0
Leather Jackets,2B7lOrhmRawYzInu75QOgx,Leather Jackets,Elton John,3PhoLpVuITZKcymswpck5b,1986-10-15,11.0
Summer in Paradise,5isLBw3aeVYDdkFDOTosDp,Summer in Paradise,Dweeb,1ziop6MvACsEsogEf7Qqd4,2019-07-22,4.0
Mardi Gras,4HirIvj3y4Ok3o2MCZtdfB,Mardi Gras,Creedence Clearwater Revival,3IYUhFvPQItj6xySrBmZkd,1972-04-11,10.0
American Dream,1coCqgKxUrM8bjqL88jmMy,American Dream,Drayton Farley,05o2ENqv0CV8aD6BWKEaBD,2020-10-20,1.0
Unfinished Music No. 1: Two Virgins,24Ew6JT72Or0QX4hI17uZa,Unfinished Music No. 1: Two Virgins,John Lennon,4x1nvY2FN8jxqAFA0DA02H,1968-11-11,3.0
Forbidden,26K89QhlCtQnTQTDM0WR8H,Forbidden,Todrick Hall,0gBvuNzrFCOVaiyKexoYMH,2018-03-27,30.0
Down in the Groove,1jqNoER2ibSB8I0DMm54Ac,Down In The Groove,Bob Dylan,74ASZWbe4lXaubB36ztrGX,1988-05-31,10.0
Metal Magic,3XCrGjMRjFr7wnLwtggU85,METAL MAGIC,NEAT001,6LkVV1P1gvsluy7OOZNG7g,2018-10-01,1.0
Union,7FhYez9lKblYnyqzaK2Lid,Union,The Boxer Rebellion,7DEseTqRODmSu3C7jxCHl5,2009-01-13,11.0
Squeeze,54p7fdwenIgGmhUK4qbCiT,Squeeze,SASAMI,4pdoRs7yHNXakMobf8M9Oz,2022-02-25,11.0
Ye,2Ek1q2haOnxVqhvVKqMvJe,ye,Kanye West,5K4W6rqBFWDnAN6FQUkS6x,2018-06-01,7.0
